PDF_Name,Folder_Name,PDF_Path,Folder_Path
Lambert And Morrison - The Drowsy Chaperone _Version 1_,Lambert And Morrison - The Drowsy Chaperone _version 1_,c:\Work\AWSMusic\SheetMusic\_Broadway Shows\Books\Lambert and Morrison - The Drowsy Chaperone (Version 1).pdf,c:\Work\AWSMusic\ProcessedSongs\_broadway Shows\Lambert And Morrison - The Drowsy Chaperone (version 1)
Lambert And Morrison - The Drowsy Chaperone _Version 2_,Lambert And Morrison - The Drowsy Chaperone _version 2_,c:\Work\AWSMusic\SheetMusic\_Broadway Shows\Books\Lambert and Morrison - The Drowsy Chaperone (Version 2).pdf,c:\Work\AWSMusic\ProcessedSongs\_broadway Shows\Lambert And Morrison - The Drowsy Chaperone (version 2)
Various Artists - Beauty And The Beast _1994 MTI PC Score complete_,Various Artists - Beauty And The Beast _1994 MTI PC Score Complete_,"c:\Work\AWSMusic\SheetMusic\_Broadway Shows\Books\Various Artists - Beauty and the Beast (1994 MTI PC Score, complete).pdf","c:\Work\AWSMusic\ProcessedSongs\_broadway Shows\Various Artists - Beauty And The Beast (1994 Mti Pc Score, Complete)"
Various Artists - Beauty And The Beast _Score_,Various Artists - Beauty And The Beast _score_,c:\Work\AWSMusic\SheetMusic\_Broadway Shows\Books\Various Artists - Beauty and the Beast [Score].pdf,c:\Work\AWSMusic\ProcessedSongs\_broadway Shows\Various Artists - Beauty And The Beast [score]
Various Artists - Cabaret _1998 version_,Various Artists - Cabaret _1998 Version_,c:\Work\AWSMusic\SheetMusic\_Broadway Shows\Books\Various Artists - Cabaret (1998 version).pdf,c:\Work\AWSMusic\ProcessedSongs\_broadway Shows\Various Artists - Cabaret (1998 Version)
Various Artists - Cabaret _Original_,Various Artists - Cabaret _original_,c:\Work\AWSMusic\SheetMusic\_Broadway Shows\Books\Various Artists - Cabaret (Original).pdf,c:\Work\AWSMusic\ProcessedSongs\_broadway Shows\Various Artists - Cabaret (original)
Various Artists - Dear Evan Hansen _PVG_,Various Artists - Dear Evan Hansen _pvg_,c:\Work\AWSMusic\SheetMusic\_Broadway Shows\Books\Various Artists - Dear Evan Hansen (PVG).pdf,c:\Work\AWSMusic\ProcessedSongs\_broadway Shows\Various Artists - Dear Evan Hansen (pvg)
Various Artists - Dirty Rotten Scoundrels _Piano-Vocal_,Various Artists - Dirty Rotten Scoundrels _piano-vocal_,c:\Work\AWSMusic\SheetMusic\_Broadway Shows\Books\Various Artists - Dirty Rotten Scoundrels (Piano-Vocal).pdf,c:\Work\AWSMusic\ProcessedSongs\_broadway Shows\Various Artists - Dirty Rotten Scoundrels (piano-vocal)
Various Artists - Evita _Conductor Score_,Various Artists - Evita _conductor Score_,c:\Work\AWSMusic\SheetMusic\_Broadway Shows\Books\Various Artists - Evita  [Conductor Score].pdf,c:\Work\AWSMusic\ProcessedSongs\_broadway Shows\Various Artists - Evita [conductor Score]
Various Artists - Evita _Score_,Various Artists - Evita _score_,c:\Work\AWSMusic\SheetMusic\_Broadway Shows\Books\Various Artists - Evita [Score].pdf,c:\Work\AWSMusic\ProcessedSongs\_broadway Shows\Various Artists - Evita [score]
Various Artists - Footloose _Score_,Various Artists - Footloose _score_,c:\Work\AWSMusic\SheetMusic\_Broadway Shows\Books\Various Artists - Footloose [Score].pdf,c:\Work\AWSMusic\ProcessedSongs\_broadway Shows\Various Artists - Footloose [score]
Various Artists - Lion King _Score_,Various Artists - Lion King _score_,c:\Work\AWSMusic\SheetMusic\_Broadway Shows\Books\Various Artists - Lion King [Score].pdf,c:\Work\AWSMusic\ProcessedSongs\_broadway Shows\Various Artists - Lion King [score]
Various Artists - Phantom Of Opera _SATB_,Various Artists - Phantom Of Opera _satb_,c:\Work\AWSMusic\SheetMusic\_Broadway Shows\Books\Various Artists - Phantom of Opera [SATB].pdf,c:\Work\AWSMusic\ProcessedSongs\_broadway Shows\Various Artists - Phantom Of Opera [satb]
Various Artists - Phantom Of The Opera _Score_,Various Artists - Phantom Of The Opera _score_,c:\Work\AWSMusic\SheetMusic\_Broadway Shows\Books\Various Artists - Phantom of the Opera [Score].pdf,c:\Work\AWSMusic\ProcessedSongs\_broadway Shows\Various Artists - Phantom Of The Opera [score]
Various Artists - Rent _Score_,Various Artists - Rent _score_,c:\Work\AWSMusic\SheetMusic\_Broadway Shows\Books\Various Artists - Rent [Score].pdf,c:\Work\AWSMusic\ProcessedSongs\_broadway Shows\Various Artists - Rent [score]
Various Artists - Seussical _Piano-Conductor_,Various Artists - Seussical _piano-conductor_,c:\Work\AWSMusic\SheetMusic\_Broadway Shows\Books\Various Artists - Seussical [Piano-Conductor].pdf,c:\Work\AWSMusic\ProcessedSongs\_broadway Shows\Various Artists - Seussical [piano-conductor]
Various Artists - Seussical _PV Score_,Various Artists - Seussical _pv Score_,c:\Work\AWSMusic\SheetMusic\_Broadway Shows\Books\Various Artists - Seussical [PV Score].pdf,c:\Work\AWSMusic\ProcessedSongs\_broadway Shows\Various Artists - Seussical [pv Score]
Various Artists - Sound Of Music _Vocal Selections_,Various Artists - Sound Of Music _vocal Selections_,c:\Work\AWSMusic\SheetMusic\_Broadway Shows\Books\Various Artists - Sound of Music (Vocal Selections).pdf,c:\Work\AWSMusic\ProcessedSongs\_broadway Shows\Various Artists - Sound Of Music (vocal Selections)
Various Artists - Wicked _PVG_,Various Artists - Wicked _pvg_,c:\Work\AWSMusic\SheetMusic\_Broadway Shows\Books\Various Artists - Wicked [PVG].pdf,c:\Work\AWSMusic\ProcessedSongs\_broadway Shows\Various Artists - Wicked [pvg]
Various Artists - Wicked _Score_,Various Artists - Wicked _score_,c:\Work\AWSMusic\SheetMusic\_Broadway Shows\Books\Various Artists - Wicked [Score].pdf,c:\Work\AWSMusic\ProcessedSongs\_broadway Shows\Various Artists - Wicked [score]
Various Artists - Wizard Of Oz _RSC Piano-Conductor_,Various Artists - Wizard Of Oz _rsc Piano-conductor_,c:\Work\AWSMusic\SheetMusic\_Broadway Shows\Books\Various Artists - Wizard Of Oz (RSC Piano-Conductor).pdf,c:\Work\AWSMusic\ProcessedSongs\_broadway Shows\Various Artists - Wizard Of Oz (rsc Piano-conductor)
Beauty And The Beast _PVG_,Beauty And The Beast _pvg_,c:\Work\AWSMusic\SheetMusic\_Movie and TV\Disney\Books\Beauty and the Beast [PVG].pdf,c:\Work\AWSMusic\ProcessedSongs\_movie And Tv\Beauty And The Beast [pvg]
Brother Bear _Disney_,Brother Bear _disney_,c:\Work\AWSMusic\SheetMusic\_Movie and TV\Disney\Books\Brother Bear (Disney).pdf,c:\Work\AWSMusic\ProcessedSongs\_movie And Tv\Brother Bear (disney)
Disney Collection _Songs Out Of order_,Disney Collection _songs Out Of Order_,c:\Work\AWSMusic\SheetMusic\_Movie and TV\Disney\Books\Disney Collection (Songs out of order).pdf,c:\Work\AWSMusic\ProcessedSongs\_movie And Tv\Disney Collection (songs Out Of Order)
Pirates Of The Caribbean _Book 1 - The Curse Of The Black Pearl_,Pirates Of The Caribbean _book 1 - The Curse Of The Black Pearl_,c:\Work\AWSMusic\SheetMusic\_Movie and TV\Disney\Books\Pirates of the Caribbean [Book 1 - The Curse of the Black Pearl].pdf,c:\Work\AWSMusic\ProcessedSongs\_movie And Tv\Pirates Of The Caribbean [book 1 - The Curse Of The Black Pearl]
Pirates Of The Caribbean _Book 2 - Dead Mans Chest_,Pirates Of The Caribbean _book 2 - Dead Mans Chest_,c:\Work\AWSMusic\SheetMusic\_Movie and TV\Disney\Books\Pirates of the Caribbean [Book 2 - Dead Man's Chest].pdf,c:\Work\AWSMusic\ProcessedSongs\_movie And Tv\Pirates Of The Caribbean [book 2 - Dead Man's Chest]
Spirited Away _Disney_ _2001_,Spirited Away _disney_ _2001_,c:\Work\AWSMusic\SheetMusic\_Movie and TV\Disney\Books\Spirited Away (Disney) (2001).pdf,c:\Work\AWSMusic\ProcessedSongs\_movie And Tv\Spirited Away (disney) (2001)
John Williams - Star Wars Episode III - Revenge Of The Sith_Incomplete Grab_,John Williams - Star Wars Episode III - Revenge Of The Sith_incomplete Grab_,c:\Work\AWSMusic\SheetMusic\_Movie and TV\John Williams\Books\John Williams - Star Wars Episode III - Revenge Of The Sith.(Incomplete Grab)..pdf,c:\Work\AWSMusic\ProcessedSongs\_movie And Tv\John Williams - Star Wars Episode Iii - Revenge Of The Sith.(incomplete Grab)
Star Wars Suite _John Williams - Full Score - Hal Leonard_,Star Wars Suite _john Williams - Full Score - Hal Leonard_,c:\Work\AWSMusic\SheetMusic\_Movie and TV\John Williams\Books\Star Wars Suite (John Williams - full Score - Hal Leonard).pdf,c:\Work\AWSMusic\ProcessedSongs\_movie And Tv\Star Wars Suite (john Williams - Full Score - Hal Leonard)
Various Artists - Frozen - Let It Go _Movie Version_,Various Artists - Frozen - Let It Go _movie Version_,c:\Work\AWSMusic\SheetMusic\_Movie and TV\Others\Books\Various Artists - Frozen - Let It Go (Movie Version).pdf,c:\Work\AWSMusic\ProcessedSongs\_movie And Tv\Various Artists - Frozen - Let It Go (movie Version)
Various Artists - Movie Love Songs _Book_,Various Artists - Movie Love Songs _book_,c:\Work\AWSMusic\SheetMusic\_Movie and TV\Others\Books\Various Artists - Movie Love Songs [Book].pdf,c:\Work\AWSMusic\ProcessedSongs\_movie And Tv\Various Artists - Movie Love Songs [book]
Various Artists - Star Trek - Complete Theme Music _Piano Solo_,Various Artists - Star Trek - Complete Theme Music _piano Solo_,c:\Work\AWSMusic\SheetMusic\_Movie and TV\Others\Books\Various Artists - Star Trek - Complete Theme Music (Piano Solo).pdf,c:\Work\AWSMusic\ProcessedSongs\_movie And Tv\Various Artists - Star Trek - Complete Theme Music (piano Solo)
Various Artists - Star Trek _Piano Solo_,Various Artists - Star Trek _piano Solo_,c:\Work\AWSMusic\SheetMusic\_Movie and TV\Others\Books\Various Artists - Star Trek (Piano Solo).pdf,c:\Work\AWSMusic\ProcessedSongs\_movie And Tv\Various Artists - Star Trek (piano Solo)
Various Artists - Wizard Of Oz _Book_,Various Artists - Wizard Of Oz _book_,c:\Work\AWSMusic\SheetMusic\_Movie and TV\Others\Books\Various Artists - Wizard Of Oz [Book].pdf,c:\Work\AWSMusic\ProcessedSongs\_movie And Tv\Various Artists - Wizard Of Oz [book]
Ben Folds Five - Selections From Naked Baby Photos _Score_,Ben Folds Five - Selections From Naked Baby Photos _score_,c:\Work\AWSMusic\SheetMusic\Ben Folds\Books\Ben Folds Five - Selections From Naked Baby Photos [Score].pdf,c:\Work\AWSMusic\ProcessedSongs\Ben Folds\Ben Folds Five - Selections From Naked Baby Photos [score]
Ben Folds Five - Whatever And Ever Amen _Book_,Ben Folds Five - Whatever And Ever Amen _book_,c:\Work\AWSMusic\SheetMusic\Ben Folds\Books\Ben Folds Five - Whatever and Ever Amen [Book].pdf,c:\Work\AWSMusic\ProcessedSongs\Ben Folds\Ben Folds Five - Whatever And Ever Amen [book]
Bonnie Raitt - Nick Of Time _PVG Book_,Bonnie Raitt - Nick Of Time _pvg Book_,c:\Work\AWSMusic\SheetMusic\Bonnie Raitt\Books\Bonnie Raitt - Nick Of Time [PVG Book].pdf,c:\Work\AWSMusic\ProcessedSongs\Bonnie Raitt\Bonnie Raitt - Nick Of Time [pvg Book]
Cheap Trick - Greatest Hits _Score_,Cheap Trick - Greatest Hits _score_,c:\Work\AWSMusic\SheetMusic\Cheap Trick\Books\Cheap Trick - Greatest Hits [Score].pdf,c:\Work\AWSMusic\ProcessedSongs\Cheap Trick\Cheap Trick - Greatest Hits [score]
Crosby Stills Nash And Young - Deja Vu _PVG Book_,Crosby Stills Nash And Young - Deja Vu _pvg Book_,c:\Work\AWSMusic\SheetMusic\Crosby Stills and Nash\Books\Crosby Stills Nash & Young - Deja Vu [PVG Book].pdf,c:\Work\AWSMusic\ProcessedSongs\Crosby Stills And Nash\Crosby Stills Nash & Young - Deja Vu [pvg Book]
David Crosby - Songbook _Lead Sheets_,David Crosby - Songbook _lead Sheets_,c:\Work\AWSMusic\SheetMusic\David Crosby\Books\David Crosby - Songbook [Lead Sheets].pdf,c:\Work\AWSMusic\ProcessedSongs\David Crosby\David Crosby - Songbook [lead Sheets]
Dire Straits - Money For Nothing _Guitar Book_,Dire Straits - Money For Nothing _guitar Book_,c:\Work\AWSMusic\SheetMusic\Dire Straits\Books\Dire Straits - Money For Nothing [Guitar Book].pdf,c:\Work\AWSMusic\ProcessedSongs\Dire Straits\Dire Straits - Money For Nothing [guitar Book]
Don Henley - Actual Miles _Greatest Hits_,Don Henley - Actual Miles _greatest Hits_,c:\Work\AWSMusic\SheetMusic\Don Henley\Books\Don Henley - Actual Miles (Greatest Hits).pdf,c:\Work\AWSMusic\ProcessedSongs\Don Henley\Don Henley - Actual Miles (greatest Hits)
Elo - Out Of The Blue _Book_,Elo - Out Of The Blue _book_,c:\Work\AWSMusic\SheetMusic\ELO\Books\ELO - Out Of The Blue [Book].pdf,c:\Work\AWSMusic\ProcessedSongs\Elo\Elo - Out Of The Blue [book]
Elton John - The Elton John Collection _Piano Solos_,Elton John - The Elton John Collection _piano Solos_,c:\Work\AWSMusic\SheetMusic\Elton John\Books\Elton John - The Elton John Collection [Piano Solos].pdf,c:\Work\AWSMusic\ProcessedSongs\Elton John\Elton John - The Elton John Collection [piano Solos]
Garth Brooks - The Hits _Guitar Tab_,Garth Brooks - The Hits _guitar Tab_,c:\Work\AWSMusic\SheetMusic\Garth Brooks\Books\Garth Brooks - The Hits [Guitar Tab].pdf,c:\Work\AWSMusic\ProcessedSongs\Garth Brooks\Garth Brooks - The Hits [guitar Tab]
Grand Funk - Closer To Home _PVG Book_,Grand Funk - Closer To Home _pvg Book_,c:\Work\AWSMusic\SheetMusic\Grand Funk Railroad\Books\Grand Funk - Closer To Home [PVG Book].pdf,c:\Work\AWSMusic\ProcessedSongs\Grand Funk Railroad\Grand Funk - Closer To Home [pvg Book]
Grand Funk - Were An American Band _PVG Book_,Grand Funk - Were An American Band _pvg Book_,c:\Work\AWSMusic\SheetMusic\Grand Funk Railroad\Books\Grand Funk - We're An American Band [PVG Book].pdf,c:\Work\AWSMusic\ProcessedSongs\Grand Funk Railroad\Grand Funk - We're An American Band [pvg Book]
Jimmy Buffett - Barometer Soup _PVG Book_,Jimmy Buffett - Barometer Soup _pvg Book_,c:\Work\AWSMusic\SheetMusic\Jimmy Buffet\Books\Jimmy Buffett - Barometer Soup [PVG Book].pdf,c:\Work\AWSMusic\ProcessedSongs\Jimmy Buffet\Jimmy Buffett - Barometer Soup [pvg Book]
Jimmy Buffett - Fruitcakes _PVG Book_,Jimmy Buffett - Fruitcakes _pvg Book_,c:\Work\AWSMusic\SheetMusic\Jimmy Buffet\Books\Jimmy Buffett - Fruitcakes [PVG Book].pdf,c:\Work\AWSMusic\ProcessedSongs\Jimmy Buffet\Jimmy Buffett - Fruitcakes [pvg Book]
Kelly Clarkson - Breakaway _Book_,Kelly Clarkson - Breakaway _book_,c:\Work\AWSMusic\SheetMusic\Kelly Clarkson\Books\Kelly Clarkson - Breakaway (Book).pdf,c:\Work\AWSMusic\ProcessedSongs\Kelly Clarkson\Kelly Clarkson - Breakaway (book)
Kinks - Best Of _Score_,Kinks - Best Of _score_,c:\Work\AWSMusic\SheetMusic\Kinks\Books\Kinks - Best Of [Score].pdf,c:\Work\AWSMusic\ProcessedSongs\Kinks\Kinks - Best Of [score]
Led Zeppelin - Over The Hills And Far Away _PVG_,Led Zeppelin - Over The Hills And Far Away _pvg_,c:\Work\AWSMusic\SheetMusic\Led Zepplin\Books\Led Zeppelin - Over The Hills And Far Away [PVG].pdf,c:\Work\AWSMusic\ProcessedSongs\Led Zepplin\Led Zeppelin - Over The Hills And Far Away [pvg]
Band - Northern Lights Southern Cross _PVG_,Band - Northern Lights Southern Cross _pvg_,c:\Work\AWSMusic\SheetMusic\The Band\Books\Band - Northern Lights Southern Cross [PVG].pdf,c:\Work\AWSMusic\ProcessedSongs\The Band\Band - Northern Lights Southern Cross [pvg]
Band - Stage Fright _PVG_,Band - Stage Fright _pvg_,c:\Work\AWSMusic\SheetMusic\The Band\Books\Band - Stage Fright [PVG].pdf,c:\Work\AWSMusic\ProcessedSongs\The Band\Band - Stage Fright [pvg]
