Type,Path,Expected
Missing Output,ACDC\ACDC - Anthology.pdf,ACDC/ACDC - Anthology
Missing Output,Crosby Stills and Nash\Crosby Stills Nash And Young - Deja Vu _PVG Book_.pdf,Crosby Stills and Nash/Crosby Stills Nash And Young - Deja Vu _PVG Book_
Missing Output,Crosby Stills and Nash\Crosby Stills Nash And Young - The Guitar Collection.pdf,Crosby Stills and Nash/Crosby Stills Nash And Young - The Guitar Collection
Missing Output,ELO\ELO - A New World Record.pdf,ELO/ELO - A New World Record
Missing Output,ELO\Elo - Anthology _PVG_.pdf,ELO/Elo - Anthology _PVG_
Missing Output,ELO\Elo - Discovery _PVG Book_.pdf,ELO/Elo - Discovery _PVG Book_
Missing Output,ELO\Elo - Face The Music _PVG Bok_.pdf,ELO/Elo - Face The Music _PVG Bok_
Missing Output,ELO\ELO - Greatest Hits.pdf,ELO/ELO - Greatest Hits
Missing Output,ELO\Elo - Out Of The Blue _Book_.pdf,ELO/Elo - Out Of The Blue _Book_
Missing Output,Elvis Presley\Elvis Presley - The Compleat _PVG Book_.pdf,Elvis Presley/Elvis Presley - The Compleat _PVG Book_
Missing Output,Emerson Lake and Palmer\Emerson Lake And Palmer - Black Book.pdf,Emerson Lake and Palmer/Emerson Lake And Palmer - Black Book
Missing Output,Emerson Lake and Palmer\Emerson Lake And Palmer - Greatest Hits.pdf,Emerson Lake and Palmer/Emerson Lake And Palmer - Greatest Hits
Missing Output,Emerson Lake and Palmer\Emerson Lake And Palmer - Tarkus _Book_.pdf,Emerson Lake and Palmer/Emerson Lake And Palmer - Tarkus _Book_
Missing Output,Emerson Lake and Palmer\Emerson Lake And Palmer - Trilogy _Book_.pdf,Emerson Lake and Palmer/Emerson Lake And Palmer - Trilogy _Book_
Missing Output,Eric Clapton\Eric Clapton - The Cream Of Clapton.pdf,Eric Clapton/Eric Clapton - The Cream Of Clapton
Missing Output,Mamas and the Papas\Mamas And The Papas - Songbook _PVG_.pdf,Mamas and the Papas/Mamas And The Papas - Songbook _PVG_
Missing Output,MeatLoaf\MeatLoaf - Bat Out Of Hell.pdf,MeatLoaf/MeatLoaf - Bat Out Of Hell
Missing Output,Paul McCartney\Paul McCartney - All The Best.pdf,Paul McCartney/Paul McCartney - All The Best
Missing Output,Paul McCartney\Paul Mccartney - Chaos And Creation In The Backyard _PVG Book_.pdf,Paul McCartney/Paul Mccartney - Chaos And Creation In The Backyard _PVG Book_
Missing Output,Paul McCartney\Paul McCartney - Flowers In The Dirt.pdf,Paul McCartney/Paul McCartney - Flowers In The Dirt
Missing Output,Paul McCartney\Paul McCartney - Press To Play.pdf,Paul McCartney/Paul McCartney - Press To Play
Missing Output,Paul McCartney\Paul McCartney - Ram.pdf,Paul McCartney/Paul McCartney - Ram
Missing Output,Paul McCartney\Paul Mccartney - Tripping The Live Fantastic _PVG Book_.pdf,Paul McCartney/Paul Mccartney - Tripping The Live Fantastic _PVG Book_
Missing Output,Paul McCartney\Paul Mccartney - Tug Of War _PVG Book_.pdf,Paul McCartney/Paul Mccartney - Tug Of War _PVG Book_
Missing Output,REO Speedwagon\REO Speedwagon - Good Trouble.pdf,REO Speedwagon/REO Speedwagon - Good Trouble
Missing Output,REO Speedwagon\REO Speedwagon - Hi Infidelity.pdf,REO Speedwagon/REO Speedwagon - Hi Infidelity
Missing Output,REO Speedwagon\REO Speedwagon - Life As We Know It.pdf,REO Speedwagon/REO Speedwagon - Life As We Know It
Missing Output,REO Speedwagon\REO Speedwagon - The Hits.pdf,REO Speedwagon/REO Speedwagon - The Hits
Missing Output,ZZ Top\Greatest Hits.pdf,ZZ Top/Greatest Hits
Missing Output,_Broadway Shows\A Treasury Of Gilbert And Sullivan Part 1.pdf,_Broadway Shows/A Treasury Of Gilbert And Sullivan Part 1
Missing Output,_Broadway Shows\A Treasury Of Gilbert And Sullivan Part 2.pdf,_Broadway Shows/A Treasury Of Gilbert And Sullivan Part 2
Missing Output,_Broadway Shows\Lambert And Morrison - The Drowsy Chaperone _Version 1_.pdf,_Broadway Shows/Lambert And Morrison - The Drowsy Chaperone _Version 1_
Missing Output,_Broadway Shows\Lambert And Morrison - The Drowsy Chaperone _Version 2_.pdf,_Broadway Shows/Lambert And Morrison - The Drowsy Chaperone _Version 2_
Missing Output,_Broadway Shows\Lerner And Loewe - Camelot.pdf,_Broadway Shows/Lerner And Loewe - Camelot
Missing Output,_Broadway Shows\Mamma Mia.pdf,_Broadway Shows/Mamma Mia
Missing Output,_Broadway Shows\Rogers And Hammerstein - South Pacific.pdf,_Broadway Shows/Rogers And Hammerstein - South Pacific
Missing Output,_Broadway Shows\Steven Sondheim - All Sondheim Volume 2 BOOK.pdf,_Broadway Shows/Steven Sondheim - All Sondheim Volume 2 BOOK
Missing Output,_Broadway Shows\The Wedding Singer.pdf,_Broadway Shows/The Wedding Singer
Missing Output,_Broadway Shows\Various Artists - 25th Annual Putnam County Spelling Bee.pdf,_Broadway Shows/Various Artists - 25th Annual Putnam County Spelling Bee
Missing Output,_Broadway Shows\Various Artists - Aida.pdf,_Broadway Shows/Various Artists - Aida
Missing Output,_Broadway Shows\Various Artists - Aladdin Jr.pdf,_Broadway Shows/Various Artists - Aladdin Jr
Missing Output,_Broadway Shows\Various Artists - Aladdin _book_.pdf,_Broadway Shows/Various Artists - Aladdin _book_
Missing Output,_Broadway Shows\Various Artists - Annie - Full Score.pdf,_Broadway Shows/Various Artists - Annie - Full Score
Missing Output,_Broadway Shows\Various Artists - Avenue Q - Full Score.pdf,_Broadway Shows/Various Artists - Avenue Q - Full Score
Missing Output,_Broadway Shows\Various Artists - Avenue X - Vocal Chorus Book.pdf,_Broadway Shows/Various Artists - Avenue X - Vocal Chorus Book
Missing Output,_Broadway Shows\Various Artists - Beauty And The Beast _1994 MTI PC Score complete_.pdf,_Broadway Shows/Various Artists - Beauty And The Beast _1994 MTI PC Score complete_
Missing Output,_Broadway Shows\Various Artists - Beauty And The Beast _Score_.pdf,_Broadway Shows/Various Artists - Beauty And The Beast _Score_
Missing Output,_Broadway Shows\Various Artists - Best In Broadway Deluxe Edition.pdf,_Broadway Shows/Various Artists - Best In Broadway Deluxe Edition
Missing Output,_Broadway Shows\Various Artists - Cabaret _1998 version_.pdf,_Broadway Shows/Various Artists - Cabaret _1998 version_
Missing Output,_Broadway Shows\Various Artists - Cabaret _Original_.pdf,_Broadway Shows/Various Artists - Cabaret _Original_
Missing Output,_Broadway Shows\Various Artists - Cats - Conductor Score.pdf,_Broadway Shows/Various Artists - Cats - Conductor Score
Missing Output,_Broadway Shows\Various Artists - Chicago _1975_.pdf,_Broadway Shows/Various Artists - Chicago _1975_
Missing Output,_Broadway Shows\Various Artists - Dear Evan Hansen _PVG_.pdf,_Broadway Shows/Various Artists - Dear Evan Hansen _PVG_
Missing Output,_Broadway Shows\Various Artists - Dirty Rotten Scoundrels _Piano-Vocal_.pdf,_Broadway Shows/Various Artists - Dirty Rotten Scoundrels _Piano-Vocal_
Missing Output,_Broadway Shows\Various Artists - Evita _Conductor Score_.pdf,_Broadway Shows/Various Artists - Evita _Conductor Score_
Missing Output,_Broadway Shows\Various Artists - Evita _Score_.pdf,_Broadway Shows/Various Artists - Evita _Score_
Missing Output,_Broadway Shows\Various Artists - Footloose _Score_.pdf,_Broadway Shows/Various Artists - Footloose _Score_
Missing Output,_Broadway Shows\Various Artists - Grease _1994 Score_.pdf,_Broadway Shows/Various Artists - Grease _1994 Score_
Missing Output,_Broadway Shows\Various Artists - Grease _2003 Score_.pdf,_Broadway Shows/Various Artists - Grease _2003 Score_
Missing Output,_Broadway Shows\Various Artists - Hair _rev 1995_ - Piano Conductor Score.pdf,_Broadway Shows/Various Artists - Hair _rev 1995_ - Piano Conductor Score
Missing Output,_Broadway Shows\Various Artists - High School Musical _score_.pdf,_Broadway Shows/Various Artists - High School Musical _score_
Missing Output,_Broadway Shows\Various Artists - Jesus Christ Superstar.pdf,_Broadway Shows/Various Artists - Jesus Christ Superstar
Missing Output,_Broadway Shows\Various Artists - Legally Blonde - score.pdf,_Broadway Shows/Various Artists - Legally Blonde - score
Missing Output,_Broadway Shows\Various Artists - Les Miserables - Full Score.pdf,_Broadway Shows/Various Artists - Les Miserables - Full Score
Missing Output,_Broadway Shows\Various Artists - Les Miserables - Piano-conductor _complete_.pdf,_Broadway Shows/Various Artists - Les Miserables - Piano-conductor _complete_
Missing Output,_Broadway Shows\Various Artists - Les Miserables - Piano-Conductor.pdf,_Broadway Shows/Various Artists - Les Miserables - Piano-Conductor
Missing Output,_Broadway Shows\Various Artists - Lion King _Score_.pdf,_Broadway Shows/Various Artists - Lion King _Score_
Missing Output,_Broadway Shows\Various Artists - Little Mermaid Workshop score.pdf,_Broadway Shows/Various Artists - Little Mermaid Workshop score
Missing Output,_Broadway Shows\Various Artists - Little Shop Of Horrors Script.pdf,_Broadway Shows/Various Artists - Little Shop Of Horrors Script
Missing Output,_Broadway Shows\Various Artists - Little Shop Of Horrors _Broadway_.pdf,_Broadway Shows/Various Artists - Little Shop Of Horrors _Broadway_
Missing Output,_Broadway Shows\Various Artists - Little Shop Of Horrors _original_.pdf,_Broadway Shows/Various Artists - Little Shop Of Horrors _original_
Missing Output,_Broadway Shows\Various Artists - Mary Poppins.pdf,_Broadway Shows/Various Artists - Mary Poppins
Missing Output,_Broadway Shows\Various Artists - Phantom Of Opera _SATB_.pdf,_Broadway Shows/Various Artists - Phantom Of Opera _SATB_
Missing Output,_Broadway Shows\Various Artists - Phantom Of The Opera _Score_.pdf,_Broadway Shows/Various Artists - Phantom Of The Opera _Score_
Missing Output,_Broadway Shows\Various Artists - Phantom Of The Opera.pdf,_Broadway Shows/Various Artists - Phantom Of The Opera
Missing Output,_Broadway Shows\Various Artists - Rent _Score_.pdf,_Broadway Shows/Various Artists - Rent _Score_
Missing Output,_Broadway Shows\Various Artists - Rocky Horror Show Revised - Full Score.pdf,_Broadway Shows/Various Artists - Rocky Horror Show Revised - Full Score
Missing Output,_Broadway Shows\Various Artists - Rocky Horror Show.pdf,_Broadway Shows/Various Artists - Rocky Horror Show
Missing Output,_Broadway Shows\Various Artists - Seussical - TYA.pdf,_Broadway Shows/Various Artists - Seussical - TYA
Missing Output,_Broadway Shows\Various Artists - Seussical _Piano-Conductor_.pdf,_Broadway Shows/Various Artists - Seussical _Piano-Conductor_
Missing Output,_Broadway Shows\Various Artists - Seussical _PV Score_.pdf,_Broadway Shows/Various Artists - Seussical _PV Score_
Missing Output,_Broadway Shows\Various Artists - Shrek The Musical.pdf,_Broadway Shows/Various Artists - Shrek The Musical
Missing Output,_Broadway Shows\Various Artists - Sound Of Music _Vocal Selections_.pdf,_Broadway Shows/Various Artists - Sound Of Music _Vocal Selections_
Missing Output,_Broadway Shows\Various Artists - Sound Of Music.pdf,_Broadway Shows/Various Artists - Sound Of Music
Missing Output,_Broadway Shows\Various Artists - Spamalot.pdf,_Broadway Shows/Various Artists - Spamalot
Missing Output,_Broadway Shows\Various Artists - Sweeney Todd Vocal Score.pdf,_Broadway Shows/Various Artists - Sweeney Todd Vocal Score
Missing Output,_Broadway Shows\Various Artists - The Hobbit Score.pdf,_Broadway Shows/Various Artists - The Hobbit Score
Missing Output,_Broadway Shows\Various Artists - The Ultimate BROADWAY fakebook.pdf,_Broadway Shows/Various Artists - The Ultimate BROADWAY fakebook
Missing Output,_Broadway Shows\Various Artists - Wicked _PVG_.pdf,_Broadway Shows/Various Artists - Wicked _PVG_
Missing Output,_Broadway Shows\Various Artists - Wicked _Score_.pdf,_Broadway Shows/Various Artists - Wicked _Score_
Missing Output,_Broadway Shows\Various Artists - Wizard Of Oz - Piano Conductor.pdf,_Broadway Shows/Various Artists - Wizard Of Oz - Piano Conductor
Missing Output,_Broadway Shows\Various Artists - Wizard Of Oz _RSC Piano-Conductor_.pdf,_Broadway Shows/Various Artists - Wizard Of Oz _RSC Piano-Conductor_
Missing Output,_Broadway Shows\Various Artists - Youre A Good Man Charlie Brown _revival_ _score_.pdf,_Broadway Shows/Various Artists - Youre A Good Man Charlie Brown _revival_ _score_
Missing Output,_Broadway Shows\Various Artists - Youre A Good Man Charlie Brown _Score_.pdf,_Broadway Shows/Various Artists - Youre A Good Man Charlie Brown _Score_
Missing Output,_Broadway Shows\Wicked Workshop.pdf,_Broadway Shows/Wicked Workshop
Missing Output,_Movie and TV\Beauty And The Beast _PVG_.pdf,_Movie and TV/Beauty And The Beast _PVG_
Missing Output,_Movie and TV\Brother Bear _Disney_.pdf,_Movie and TV/Brother Bear _Disney_
Missing Output,_Movie and TV\Budget Books - Movie Songs.pdf,_Movie and TV/Budget Books - Movie Songs
Missing Output,_Movie and TV\Disney Collection _Songs Out Of order_.pdf,_Movie and TV/Disney Collection _Songs Out Of order_
Missing Output,_Movie and TV\High School Musical - Breaking Free - Piano Sheet Music.pdf,_Movie and TV/High School Musical - Breaking Free - Piano Sheet Music
Missing Output,_Movie and TV\John Williams - Greatest Hits.pdf,_Movie and TV/John Williams - Greatest Hits
Missing Output,_Movie and TV\John Williams - Star Wars Episode I - The Phantom Menace.pdf,_Movie and TV/John Williams - Star Wars Episode I - The Phantom Menace
Missing Output,_Movie and TV\John Williams - Star Wars Episode II - Attack Of The Clones _lite_.pdf,_Movie and TV/John Williams - Star Wars Episode II - Attack Of The Clones _lite_
Missing Output,_Movie and TV\John Williams - Star Wars Episode III - Revenge Of The Sith_Incomplete Grab_.pdf,_Movie and TV/John Williams - Star Wars Episode III - Revenge Of The Sith_Incomplete Grab_
Missing Output,_Movie and TV\John Williams - Star Wars Trilogy.pdf,_Movie and TV/John Williams - Star Wars Trilogy
Missing Output,_Movie and TV\Kasha And Hirschorn - Petes Dragon.pdf,_Movie and TV/Kasha And Hirschorn - Petes Dragon
Missing Output,_Movie and TV\Mary Poppins.pdf,_Movie and TV/Mary Poppins
Missing Output,_Movie and TV\Mulan.pdf,_Movie and TV/Mulan
Missing Output,_Movie and TV\Pirates Of The Caribbean _Book 1 - The Curse Of The Black Pearl_.pdf,_Movie and TV/Pirates Of The Caribbean _Book 1 - The Curse Of The Black Pearl_
Missing Output,_Movie and TV\Pirates Of The Caribbean _Book 2 - Dead Mans Chest_.pdf,_Movie and TV/Pirates Of The Caribbean _Book 2 - Dead Mans Chest_
Missing Output,_Movie and TV\Randy Newman - Toy Story 2.pdf,_Movie and TV/Randy Newman - Toy Story 2
Missing Output,_Movie and TV\Spirited Away _Disney_ _2001_.pdf,_Movie and TV/Spirited Away _Disney_ _2001_
Missing Output,_Movie and TV\Star Wars Suite _John Williams - Full Score - Hal Leonard_.pdf,_Movie and TV/Star Wars Suite _John Williams - Full Score - Hal Leonard_
Missing Output,_Movie and TV\The New Illustrated Treasury Of Disney Songs.pdf,_Movie and TV/The New Illustrated Treasury Of Disney Songs
Missing Output,_Movie and TV\The New Illustrated Treasury Of Disney.pdf,_Movie and TV/The New Illustrated Treasury Of Disney
Missing Output,_Movie and TV\The Wizard Of Oz Script.pdf,_Movie and TV/The Wizard Of Oz Script
Missing Output,_Movie and TV\Theme From Rocky And Otther Big Hits.pdf,_Movie and TV/Theme From Rocky And Otther Big Hits
Missing Output,_Movie and TV\Various Artists - 100 Of The Best Movie Songs Ever.pdf,_Movie and TV/Various Artists - 100 Of The Best Movie Songs Ever
Missing Output,_Movie and TV\Various Artists - Book Of Great TV Hits.pdf,_Movie and TV/Various Artists - Book Of Great TV Hits
Missing Output,_Movie and TV\Various Artists - Box Office Themes Vol 1.pdf,_Movie and TV/Various Artists - Box Office Themes Vol 1
Missing Output,_Movie and TV\Various Artists - Complete TV And Film.pdf,_Movie and TV/Various Artists - Complete TV And Film
Missing Output,_Movie and TV\Various Artists - Decades Of Film 70s.pdf,_Movie and TV/Various Artists - Decades Of Film 70s
Missing Output,_Movie and TV\Various Artists - Decades Of Film 80s.pdf,_Movie and TV/Various Artists - Decades Of Film 80s
Missing Output,_Movie and TV\Various Artists - Decades Of Film 90s.pdf,_Movie and TV/Various Artists - Decades Of Film 90s
Missing Output,_Movie and TV\Various Artists - Disney Duets.pdf,_Movie and TV/Various Artists - Disney Duets
Missing Output,_Movie and TV\Various Artists - Disney Fake Book.pdf,_Movie and TV/Various Artists - Disney Fake Book
Missing Output,_Movie and TV\Various Artists - Disney Solos For Violin.pdf,_Movie and TV/Various Artists - Disney Solos For Violin
Missing Output,_Movie and TV\Various Artists - Eddie And The Cruisers.pdf,_Movie and TV/Various Artists - Eddie And The Cruisers
Missing Output,_Movie and TV\Various Artists - Film Book.pdf,_Movie and TV/Various Artists - Film Book
Missing Output,_Movie and TV\Various Artists - Film Music For Solo Piano _2_.pdf,_Movie and TV/Various Artists - Film Music For Solo Piano _2_
Missing Output,_Movie and TV\Various Artists - Film Music For Solo Piano.pdf,_Movie and TV/Various Artists - Film Music For Solo Piano
Missing Output,_Movie and TV\Various Artists - Frozen - Let It Go _Movie Version_.pdf,_Movie and TV/Various Artists - Frozen - Let It Go _Movie Version_
Missing Output,_Movie and TV\Various Artists - High School Musical 1.pdf,_Movie and TV/Various Artists - High School Musical 1
Missing Output,_Movie and TV\Various Artists - High School Musical 2.pdf,_Movie and TV/Various Artists - High School Musical 2
Missing Output,_Movie and TV\Various Artists - Little Mermaid.pdf,_Movie and TV/Various Artists - Little Mermaid
Missing Output,_Movie and TV\Various Artists - Love Songs From The Movies.pdf,_Movie and TV/Various Artists - Love Songs From The Movies
Missing Output,_Movie and TV\Various Artists - Movie Fakebook.pdf,_Movie and TV/Various Artists - Movie Fakebook
Missing Output,_Movie and TV\Various Artists - Movie Love Songs _Book_.pdf,_Movie and TV/Various Artists - Movie Love Songs _Book_
Missing Output,_Movie and TV\Various Artists - Movie Melodies - The Very Best Of Movie Songs.pdf,_Movie and TV/Various Artists - Movie Melodies - The Very Best Of Movie Songs
Missing Output,_Movie and TV\Various Artists - Movie Songs Of The 90s Vol 2.pdf,_Movie and TV/Various Artists - Movie Songs Of The 90s Vol 2
Missing Output,_Movie and TV\Various Artists - Music From The Movies The Adventure Collection.pdf,_Movie and TV/Various Artists - Music From The Movies The Adventure Collection
Missing Output,_Movie and TV\Various Artists - Music From The Movies The Animated Collection.pdf,_Movie and TV/Various Artists - Music From The Movies The Animated Collection
Missing Output,_Movie and TV\Various Artists - Piano Solos Film Music - The Costume Drama Collection.pdf,_Movie and TV/Various Artists - Piano Solos Film Music - The Costume Drama Collection
Missing Output,_Movie and TV\Various Artists - Pirates Of The Caribbean At Worlds End.pdf,_Movie and TV/Various Artists - Pirates Of The Caribbean At Worlds End
Missing Output,_Movie and TV\Various Artists - Shrek 1.pdf,_Movie and TV/Various Artists - Shrek 1
Missing Output,_Movie and TV\Various Artists - Shrek 2.pdf,_Movie and TV/Various Artists - Shrek 2
Missing Output,_Movie and TV\Various Artists - Shrek 3.pdf,_Movie and TV/Various Artists - Shrek 3
Missing Output,_Movie and TV\Various Artists - Star Trek - Complete Star Trek Theme Music.pdf,_Movie and TV/Various Artists - Star Trek - Complete Star Trek Theme Music
Missing Output,_Movie and TV\Various Artists - Star Trek - Complete Theme Music _Piano Solo_.pdf,_Movie and TV/Various Artists - Star Trek - Complete Theme Music _Piano Solo_
Missing Output,_Movie and TV\Various Artists - Star Trek - Deep Space Nine.pdf,_Movie and TV/Various Artists - Star Trek - Deep Space Nine
Missing Output,_Movie and TV\Various Artists - Star Trek - Enterprise.pdf,_Movie and TV/Various Artists - Star Trek - Enterprise
Missing Output,_Movie and TV\Various Artists - Star Trek - First Contact.pdf,_Movie and TV/Various Artists - Star Trek - First Contact
Missing Output,_Movie and TV\Various Artists - Star Trek - Generations.pdf,_Movie and TV/Various Artists - Star Trek - Generations
Missing Output,_Movie and TV\Various Artists - Star Trek - Insurrection.pdf,_Movie and TV/Various Artists - Star Trek - Insurrection
Missing Output,_Movie and TV\Various Artists - Star Trek - Star Trek The Motion Picture.pdf,_Movie and TV/Various Artists - Star Trek - Star Trek The Motion Picture
Missing Output,_Movie and TV\Various Artists - Star Trek - Star Trek.pdf,_Movie and TV/Various Artists - Star Trek - Star Trek
Missing Output,_Movie and TV\Various Artists - Star Trek - The Final Frontier.pdf,_Movie and TV/Various Artists - Star Trek - The Final Frontier
Missing Output,_Movie and TV\Various Artists - Star Trek - The Next Generation.pdf,_Movie and TV/Various Artists - Star Trek - The Next Generation
Missing Output,_Movie and TV\Various Artists - Star Trek - The Search For Spock.pdf,_Movie and TV/Various Artists - Star Trek - The Search For Spock
Missing Output,_Movie and TV\Various Artists - Star Trek - The Undiscovered Country.pdf,_Movie and TV/Various Artists - Star Trek - The Undiscovered Country
Missing Output,_Movie and TV\Various Artists - Star Trek - The Voyage Home.pdf,_Movie and TV/Various Artists - Star Trek - The Voyage Home
Missing Output,_Movie and TV\Various Artists - Star Trek - The Wrath Of Khan.pdf,_Movie and TV/Various Artists - Star Trek - The Wrath Of Khan
Missing Output,_Movie and TV\Various Artists - Star Trek - Them From Search For Spock.pdf,_Movie and TV/Various Artists - Star Trek - Them From Search For Spock
Missing Output,_Movie and TV\Various Artists - Star Trek - Voyager.pdf,_Movie and TV/Various Artists - Star Trek - Voyager
Missing Output,_Movie and TV\Various Artists - Star Trek _Piano Solo_.pdf,_Movie and TV/Various Artists - Star Trek _Piano Solo_
Missing Output,_Movie and TV\Various Artists - The Big Book Of Movie Music.pdf,_Movie and TV/Various Artists - The Big Book Of Movie Music
Missing Output,_Movie and TV\Various Artists - The Simpsons - Simpsons Songbook.pdf,_Movie and TV/Various Artists - The Simpsons - Simpsons Songbook
Missing Output,_Movie and TV\Various Artists - The TV Fakebook.pdf,_Movie and TV/Various Artists - The TV Fakebook
Missing Output,_Movie and TV\Various Artists - Top Movie Hits.pdf,_Movie and TV/Various Artists - Top Movie Hits
Missing Output,_Movie and TV\Various Artists - TV Detective - Themes For Solo Piano.pdf,_Movie and TV/Various Artists - TV Detective - Themes For Solo Piano
Missing Output,_Movie and TV\Various Artists - TV Fakebook 2nd Ed.pdf,_Movie and TV/Various Artists - TV Fakebook 2nd Ed
Missing Output,_Movie and TV\Various Artists - Ultimate TV Showstoppers.pdf,_Movie and TV/Various Artists - Ultimate TV Showstoppers
Missing Output,_Movie and TV\Various Artists - Warner Bros 75th Anniversary.pdf,_Movie and TV/Various Artists - Warner Bros 75th Anniversary
Missing Output,_Movie and TV\Various Artists - Wizard Of Oz _Book_.pdf,_Movie and TV/Various Artists - Wizard Of Oz _Book_
Missing Input,Acdc\ACDC - Anthology,Acdc/ACDC - Anthology.pdf
Missing Input,America\America - Greatest Hits [Book],America/America - Greatest Hits [Book].pdf
Missing Input,Ben Folds\Ben Folds - Rockin' The Suburbs [Book],Ben Folds/Ben Folds - Rockin' The Suburbs [Book].pdf
Missing Input,Crosby Stills And Nash\Crosby Stills Nash And Young - Deja Vu _PVG Book_,Crosby Stills And Nash/Crosby Stills Nash And Young - Deja Vu _PVG Book_.pdf
Missing Input,Crosby Stills And Nash\Crosby Stills Nash And Young - The Guitar Collection,Crosby Stills And Nash/Crosby Stills Nash And Young - The Guitar Collection.pdf
Missing Input,Elo\ELO - A New World Record,Elo/ELO - A New World Record.pdf
Missing Input,Elo\Elo - Anthology _PVG_,Elo/Elo - Anthology _PVG_.pdf
Missing Input,Elo\Elo - Discovery _PVG Book_,Elo/Elo - Discovery _PVG Book_.pdf
Missing Input,Elo\Elo - Face The Music _PVG Bok_,Elo/Elo - Face The Music _PVG Bok_.pdf
Missing Input,Elo\ELO - Greatest Hits,Elo/ELO - Greatest Hits.pdf
Missing Input,Elo\Elo - Out Of The Blue _Book_,Elo/Elo - Out Of The Blue _Book_.pdf
Missing Input,Elo\Elton John - The Elton John Collection [Piano Solos],Elo/Elton John - The Elton John Collection [Piano Solos].pdf
Missing Input,Emerson Lake And Palmer\Emerson Lake And Palmer - Black Book,Emerson Lake And Palmer/Emerson Lake And Palmer - Black Book.pdf
Missing Input,Emerson Lake And Palmer\Emerson Lake And Palmer - Greatest Hits,Emerson Lake And Palmer/Emerson Lake And Palmer - Greatest Hits.pdf
Missing Input,Emerson Lake And Palmer\Emerson Lake And Palmer - Tarkus _Book_,Emerson Lake And Palmer/Emerson Lake And Palmer - Tarkus _Book_.pdf
Missing Input,Emerson Lake And Palmer\Emerson Lake And Palmer - Trilogy _Book_,Emerson Lake And Palmer/Emerson Lake And Palmer - Trilogy _Book_.pdf
Missing Input,Kinks\Kinks - Guitar Legends [Tab],Kinks/Kinks - Guitar Legends [Tab].pdf
Missing Input,Meatloaf\MeatLoaf - Bat Out Of Hell,Meatloaf/MeatLoaf - Bat Out Of Hell.pdf
Missing Input,Night Ranger\Seven Wishes _jap Score_,Night Ranger/Seven Wishes _jap Score_.pdf
Missing Input,Paul Mccartney\Paul McCartney - All The Best,Paul Mccartney/Paul McCartney - All The Best.pdf
Missing Input,Paul Mccartney\Paul Mccartney - Chaos And Creation In The Backyard _PVG Book_,Paul Mccartney/Paul Mccartney - Chaos And Creation In The Backyard _PVG Book_.pdf
Missing Input,Paul Mccartney\Paul McCartney - Flowers In The Dirt,Paul Mccartney/Paul McCartney - Flowers In The Dirt.pdf
Missing Input,Paul Mccartney\Paul McCartney - Press To Play,Paul Mccartney/Paul McCartney - Press To Play.pdf
Missing Input,Paul Mccartney\Paul McCartney - Ram,Paul Mccartney/Paul McCartney - Ram.pdf
Missing Input,Paul Mccartney\Paul Mccartney - Tripping The Live Fantastic _PVG Book_,Paul Mccartney/Paul Mccartney - Tripping The Live Fantastic _PVG Book_.pdf
Missing Input,Paul Mccartney\Paul Mccartney - Tug Of War _PVG Book_,Paul Mccartney/Paul Mccartney - Tug Of War _PVG Book_.pdf
Missing Input,Reo Speedwagon\REO Speedwagon - Good Trouble,Reo Speedwagon/REO Speedwagon - Good Trouble.pdf
Missing Input,Reo Speedwagon\REO Speedwagon - Hi Infidelity,Reo Speedwagon/REO Speedwagon - Hi Infidelity.pdf
Missing Input,Reo Speedwagon\REO Speedwagon - Life As We Know It,Reo Speedwagon/REO Speedwagon - Life As We Know It.pdf
Missing Input,Reo Speedwagon\REO Speedwagon - The Hits,Reo Speedwagon/REO Speedwagon - The Hits.pdf
Missing Input,Tom Waits\Anthology,Tom Waits/Anthology.pdf
Missing Input,Various Artists\Adult Contemporary Hits Of The Nineties,Various Artists/Adult Contemporary Hits Of The Nineties.pdf
Missing Input,Vince Guaraldi\Peanuts Songbook,Vince Guaraldi/Peanuts Songbook.pdf
Missing Input,Who\Who - Quadrophenia (PVG),Who/Who - Quadrophenia (PVG).pdf
Missing Input,Wings\Wings - London Town (PVG Book),Wings/Wings - London Town (PVG Book).pdf
Missing Input,Zz Top\Greatest Hits,Zz Top/Greatest Hits.pdf
Missing Input,_broadway Shows\A Treasury Of Gilbert And Sullivan Part 1,_broadway Shows/A Treasury Of Gilbert And Sullivan Part 1.pdf
Missing Input,_broadway Shows\A Treasury Of Gilbert And Sullivan Part 2,_broadway Shows/A Treasury Of Gilbert And Sullivan Part 2.pdf
Missing Input,_broadway Shows\Lambert And Morrison - The Drowsy Chaperone _Version 1_,_broadway Shows/Lambert And Morrison - The Drowsy Chaperone _Version 1_.pdf
Missing Input,_broadway Shows\Lambert And Morrison - The Drowsy Chaperone _Version 2_,_broadway Shows/Lambert And Morrison - The Drowsy Chaperone _Version 2_.pdf
Missing Input,_broadway Shows\Lerner And Loewe - Camelot,_broadway Shows/Lerner And Loewe - Camelot.pdf
Missing Input,_broadway Shows\Mamma Mia,_broadway Shows/Mamma Mia.pdf
Missing Input,_broadway Shows\Rogers And Hammerstein - South Pacific,_broadway Shows/Rogers And Hammerstein - South Pacific.pdf
Missing Input,_broadway Shows\Steven Sondheim - All Sondheim Volume 2 BOOK,_broadway Shows/Steven Sondheim - All Sondheim Volume 2 BOOK.pdf
Missing Input,_broadway Shows\The Wedding Singer,_broadway Shows/The Wedding Singer.pdf
Missing Input,_broadway Shows\Various Artists - Aida,_broadway Shows/Various Artists - Aida.pdf
Missing Input,_broadway Shows\Various Artists - Aladdin Jr,_broadway Shows/Various Artists - Aladdin Jr.pdf
Missing Input,_broadway Shows\Various Artists - Aladdin _book_,_broadway Shows/Various Artists - Aladdin _book_.pdf
Missing Input,_broadway Shows\Various Artists - Annie - Full Score,_broadway Shows/Various Artists - Annie - Full Score.pdf
Missing Input,_broadway Shows\Various Artists - Avenue Q - Full Score,_broadway Shows/Various Artists - Avenue Q - Full Score.pdf
Missing Input,_broadway Shows\Various Artists - Avenue X - Vocal Chorus Book,_broadway Shows/Various Artists - Avenue X - Vocal Chorus Book.pdf
Missing Input,_broadway Shows\Various Artists - Beauty And The Beast _1994 MTI PC Score complete_,_broadway Shows/Various Artists - Beauty And The Beast _1994 MTI PC Score complete_.pdf
Missing Input,_broadway Shows\Various Artists - Beauty And The Beast _Score_,_broadway Shows/Various Artists - Beauty And The Beast _Score_.pdf
Missing Input,_broadway Shows\Various Artists - Best In Broadway Deluxe Edition,_broadway Shows/Various Artists - Best In Broadway Deluxe Edition.pdf
Missing Input,_broadway Shows\Various Artists - Cabaret _1998 version_,_broadway Shows/Various Artists - Cabaret _1998 version_.pdf
Missing Input,_broadway Shows\Various Artists - Cabaret _Original_,_broadway Shows/Various Artists - Cabaret _Original_.pdf
Missing Input,_broadway Shows\Various Artists - Cats - Conductor Score,_broadway Shows/Various Artists - Cats - Conductor Score.pdf
Missing Input,_broadway Shows\Various Artists - Chicago _1975_,_broadway Shows/Various Artists - Chicago _1975_.pdf
Missing Input,_broadway Shows\Various Artists - Dear Evan Hansen _PVG_,_broadway Shows/Various Artists - Dear Evan Hansen _PVG_.pdf
Missing Input,_broadway Shows\Various Artists - Dirty Rotten Scoundrels _Piano-Vocal_,_broadway Shows/Various Artists - Dirty Rotten Scoundrels _Piano-Vocal_.pdf
Missing Input,_broadway Shows\Various Artists - Evita _Conductor Score_,_broadway Shows/Various Artists - Evita _Conductor Score_.pdf
Missing Input,_broadway Shows\Various Artists - Evita _Score_,_broadway Shows/Various Artists - Evita _Score_.pdf
Missing Input,_broadway Shows\Various Artists - Footloose _Score_,_broadway Shows/Various Artists - Footloose _Score_.pdf
Missing Input,_broadway Shows\Various Artists - Grease _1994 Score_,_broadway Shows/Various Artists - Grease _1994 Score_.pdf
Missing Input,_broadway Shows\Various Artists - Grease _2003 Score_,_broadway Shows/Various Artists - Grease _2003 Score_.pdf
Missing Input,_broadway Shows\Various Artists - Hair _rev 1995_ - Piano Conductor Score,_broadway Shows/Various Artists - Hair _rev 1995_ - Piano Conductor Score.pdf
Missing Input,_broadway Shows\Various Artists - High School Musical [score],_broadway Shows/Various Artists - High School Musical [score].pdf
Missing Input,_broadway Shows\Various Artists - High School Musical _score_,_broadway Shows/Various Artists - High School Musical _score_.pdf
Missing Input,_broadway Shows\Various Artists - Jesus Christ Superstar,_broadway Shows/Various Artists - Jesus Christ Superstar.pdf
Missing Input,_broadway Shows\Various Artists - Legally Blonde - score,_broadway Shows/Various Artists - Legally Blonde - score.pdf
Missing Input,_broadway Shows\Various Artists - Les Miserables - Full Score,_broadway Shows/Various Artists - Les Miserables - Full Score.pdf
Missing Input,_broadway Shows\Various Artists - Les Miserables - Piano-Conductor,_broadway Shows/Various Artists - Les Miserables - Piano-Conductor.pdf
Missing Input,_broadway Shows\Various Artists - Les Miserables - Piano-conductor _complete_,_broadway Shows/Various Artists - Les Miserables - Piano-conductor _complete_.pdf
Missing Input,_broadway Shows\Various Artists - Lion King _Score_,_broadway Shows/Various Artists - Lion King _Score_.pdf
Missing Input,_broadway Shows\Various Artists - Little Mermaid Workshop score,_broadway Shows/Various Artists - Little Mermaid Workshop score.pdf
Missing Input,_broadway Shows\Various Artists - Little Shop Of Horrors (original),_broadway Shows/Various Artists - Little Shop Of Horrors (original).pdf
Missing Input,_broadway Shows\Various Artists - Little Shop Of Horrors Script,_broadway Shows/Various Artists - Little Shop Of Horrors Script.pdf
Missing Input,_broadway Shows\Various Artists - Little Shop Of Horrors _Broadway_,_broadway Shows/Various Artists - Little Shop Of Horrors _Broadway_.pdf
Missing Input,_broadway Shows\Various Artists - Little Shop Of Horrors _original_,_broadway Shows/Various Artists - Little Shop Of Horrors _original_.pdf
Missing Input,_broadway Shows\Various Artists - Mary Poppins,_broadway Shows/Various Artists - Mary Poppins.pdf
Missing Input,_broadway Shows\Various Artists - Phantom Of Opera _SATB_,_broadway Shows/Various Artists - Phantom Of Opera _SATB_.pdf
Missing Input,_broadway Shows\Various Artists - Phantom Of The Opera,_broadway Shows/Various Artists - Phantom Of The Opera.pdf
Missing Input,_broadway Shows\Various Artists - Phantom Of The Opera _Score_,_broadway Shows/Various Artists - Phantom Of The Opera _Score_.pdf
Missing Input,_broadway Shows\Various Artists - Rent _Score_,_broadway Shows/Various Artists - Rent _Score_.pdf
Missing Input,_broadway Shows\Various Artists - Rocky Horror Show,_broadway Shows/Various Artists - Rocky Horror Show.pdf
Missing Input,_broadway Shows\Various Artists - Rocky Horror Show Revised - Full Score,_broadway Shows/Various Artists - Rocky Horror Show Revised - Full Score.pdf
Missing Input,_broadway Shows\Various Artists - Seussical - TYA,_broadway Shows/Various Artists - Seussical - TYA.pdf
Missing Input,_broadway Shows\Various Artists - Seussical _Piano-Conductor_,_broadway Shows/Various Artists - Seussical _Piano-Conductor_.pdf
Missing Input,_broadway Shows\Various Artists - Seussical _PV Score_,_broadway Shows/Various Artists - Seussical _PV Score_.pdf
Missing Input,_broadway Shows\Various Artists - Shrek The Musical,_broadway Shows/Various Artists - Shrek The Musical.pdf
Missing Input,_broadway Shows\Various Artists - Sound Of Music,_broadway Shows/Various Artists - Sound Of Music.pdf
Missing Input,_broadway Shows\Various Artists - Sound Of Music _Vocal Selections_,_broadway Shows/Various Artists - Sound Of Music _Vocal Selections_.pdf
Missing Input,_broadway Shows\Various Artists - Spamalot,_broadway Shows/Various Artists - Spamalot.pdf
Missing Input,_broadway Shows\Various Artists - Sweeney Todd Vocal Score,_broadway Shows/Various Artists - Sweeney Todd Vocal Score.pdf
Missing Input,_broadway Shows\Various Artists - The Hobbit Score,_broadway Shows/Various Artists - The Hobbit Score.pdf
Missing Input,_broadway Shows\Various Artists - The Ultimate BROADWAY fakebook,_broadway Shows/Various Artists - The Ultimate BROADWAY fakebook.pdf
Missing Input,_broadway Shows\Various Artists - Wicked [pvg],_broadway Shows/Various Artists - Wicked [pvg].pdf
Missing Input,_broadway Shows\Various Artists - Wicked [score],_broadway Shows/Various Artists - Wicked [score].pdf
Missing Input,_broadway Shows\Various Artists - Wicked _PVG_,_broadway Shows/Various Artists - Wicked _PVG_.pdf
Missing Input,_broadway Shows\Various Artists - Wicked _Score_,_broadway Shows/Various Artists - Wicked _Score_.pdf
Missing Input,_broadway Shows\Various Artists - Wizard Of Oz - Piano Conductor,_broadway Shows/Various Artists - Wizard Of Oz - Piano Conductor.pdf
Missing Input,_broadway Shows\Various Artists - Wizard Of Oz _RSC Piano-Conductor_,_broadway Shows/Various Artists - Wizard Of Oz _RSC Piano-Conductor_.pdf
Missing Input,_broadway Shows\Various Artists - You're A Good Man Charlie Brown [revival] [score],_broadway Shows/Various Artists - You're A Good Man Charlie Brown [revival] [score].pdf
Missing Input,_broadway Shows\Various Artists - Youre A Good Man Charlie Brown _revival_ _score_,_broadway Shows/Various Artists - Youre A Good Man Charlie Brown _revival_ _score_.pdf
Missing Input,_broadway Shows\Various Artists - Youre A Good Man Charlie Brown _Score_,_broadway Shows/Various Artists - Youre A Good Man Charlie Brown _Score_.pdf
Missing Input,_broadway Shows\Wicked Workshop,_broadway Shows/Wicked Workshop.pdf
Missing Input,_movie And Tv\Beauty And The Beast _PVG_,_movie And Tv/Beauty And The Beast _PVG_.pdf
Missing Input,_movie And Tv\Brother Bear _Disney_,_movie And Tv/Brother Bear _Disney_.pdf
Missing Input,_movie And Tv\Budget Books - Movie Songs,_movie And Tv/Budget Books - Movie Songs.pdf
Missing Input,_movie And Tv\Disney Collection _Songs Out Of order_,_movie And Tv/Disney Collection _Songs Out Of order_.pdf
Missing Input,_movie And Tv\High School Musical - Breaking Free - Piano Sheet Music,_movie And Tv/High School Musical - Breaking Free - Piano Sheet Music.pdf
Missing Input,_movie And Tv\John Williams - Greatest Hits,_movie And Tv/John Williams - Greatest Hits.pdf
Missing Input,_movie And Tv\John Williams - Star Wars Episode I - The Phantom Menace,_movie And Tv/John Williams - Star Wars Episode I - The Phantom Menace.pdf
Missing Input,_movie And Tv\John Williams - Star Wars Episode II - Attack Of The Clones _lite_,_movie And Tv/John Williams - Star Wars Episode II - Attack Of The Clones _lite_.pdf
Missing Input,_movie And Tv\John Williams - Star Wars Episode III - Revenge Of The Sith_Incomplete Grab_,_movie And Tv/John Williams - Star Wars Episode III - Revenge Of The Sith_Incomplete Grab_.pdf
Missing Input,_movie And Tv\John Williams - Star Wars Trilogy,_movie And Tv/John Williams - Star Wars Trilogy.pdf
Missing Input,_movie And Tv\Kasha And Hirschorn - Petes Dragon,_movie And Tv/Kasha And Hirschorn - Petes Dragon.pdf
Missing Input,_movie And Tv\Mary Poppins,_movie And Tv/Mary Poppins.pdf
Missing Input,_movie And Tv\Mulan,_movie And Tv/Mulan.pdf
Missing Input,_movie And Tv\Pirates Of The Caribbean _Book 1 - The Curse Of The Black Pearl_,_movie And Tv/Pirates Of The Caribbean _Book 1 - The Curse Of The Black Pearl_.pdf
Missing Input,_movie And Tv\Pirates Of The Caribbean _Book 2 - Dead Mans Chest_,_movie And Tv/Pirates Of The Caribbean _Book 2 - Dead Mans Chest_.pdf
Missing Input,_movie And Tv\Randy Newman - Toy Story 2,_movie And Tv/Randy Newman - Toy Story 2.pdf
Missing Input,_movie And Tv\Spirited Away _Disney_ _2001_,_movie And Tv/Spirited Away _Disney_ _2001_.pdf
Missing Input,_movie And Tv\Star Wars Suite _John Williams - Full Score - Hal Leonard_,_movie And Tv/Star Wars Suite _John Williams - Full Score - Hal Leonard_.pdf
Missing Input,_movie And Tv\The New Illustrated Treasury Of Disney,_movie And Tv/The New Illustrated Treasury Of Disney.pdf
Missing Input,_movie And Tv\The New Illustrated Treasury Of Disney Songs,_movie And Tv/The New Illustrated Treasury Of Disney Songs.pdf
Missing Input,_movie And Tv\The Wizard Of Oz Script,_movie And Tv/The Wizard Of Oz Script.pdf
Missing Input,_movie And Tv\Theme From Rocky And Otther Big Hits,_movie And Tv/Theme From Rocky And Otther Big Hits.pdf
Missing Input,_movie And Tv\Various Artists - 100 Of The Best Movie Songs Ever,_movie And Tv/Various Artists - 100 Of The Best Movie Songs Ever.pdf
Missing Input,_movie And Tv\Various Artists - Book Of Great TV Hits,_movie And Tv/Various Artists - Book Of Great TV Hits.pdf
Missing Input,_movie And Tv\Various Artists - Box Office Themes Vol 1,_movie And Tv/Various Artists - Box Office Themes Vol 1.pdf
Missing Input,_movie And Tv\Various Artists - Decades Of Film 70s,_movie And Tv/Various Artists - Decades Of Film 70s.pdf
Missing Input,_movie And Tv\Various Artists - Decades Of Film 80s,_movie And Tv/Various Artists - Decades Of Film 80s.pdf
Missing Input,_movie And Tv\Various Artists - Decades Of Film 90s,_movie And Tv/Various Artists - Decades Of Film 90s.pdf
Missing Input,_movie And Tv\Various Artists - Disney Duets,_movie And Tv/Various Artists - Disney Duets.pdf
Missing Input,_movie And Tv\Various Artists - Disney Fake Book,_movie And Tv/Various Artists - Disney Fake Book.pdf
Missing Input,_movie And Tv\Various Artists - Disney Solos For Violin,_movie And Tv/Various Artists - Disney Solos For Violin.pdf
Missing Input,_movie And Tv\Various Artists - Eddie And The Cruisers,_movie And Tv/Various Artists - Eddie And The Cruisers.pdf
Missing Input,_movie And Tv\Various Artists - Film Book,_movie And Tv/Various Artists - Film Book.pdf
Missing Input,_movie And Tv\Various Artists - Film Music For Solo Piano,_movie And Tv/Various Artists - Film Music For Solo Piano.pdf
Missing Input,_movie And Tv\Various Artists - Film Music For Solo Piano _2_,_movie And Tv/Various Artists - Film Music For Solo Piano _2_.pdf
Missing Input,_movie And Tv\Various Artists - Frozen - Let It Go _Movie Version_,_movie And Tv/Various Artists - Frozen - Let It Go _Movie Version_.pdf
Missing Input,_movie And Tv\Various Artists - High School Musical 1,_movie And Tv/Various Artists - High School Musical 1.pdf
Missing Input,_movie And Tv\Various Artists - High School Musical 2,_movie And Tv/Various Artists - High School Musical 2.pdf
Missing Input,_movie And Tv\Various Artists - Little Mermaid,_movie And Tv/Various Artists - Little Mermaid.pdf
Missing Input,_movie And Tv\Various Artists - Love Songs From The Movies,_movie And Tv/Various Artists - Love Songs From The Movies.pdf
Missing Input,_movie And Tv\Various Artists - Movie Fakebook,_movie And Tv/Various Artists - Movie Fakebook.pdf
Missing Input,_movie And Tv\Various Artists - Movie Love Songs _Book_,_movie And Tv/Various Artists - Movie Love Songs _Book_.pdf
Missing Input,_movie And Tv\Various Artists - Movie Melodies - The Very Best Of Movie Songs,_movie And Tv/Various Artists - Movie Melodies - The Very Best Of Movie Songs.pdf
Missing Input,_movie And Tv\Various Artists - Movie Songs Of The 90s Vol 2,_movie And Tv/Various Artists - Movie Songs Of The 90s Vol 2.pdf
Missing Input,_movie And Tv\Various Artists - Music From The Movies The Adventure Collection,_movie And Tv/Various Artists - Music From The Movies The Adventure Collection.pdf
Missing Input,_movie And Tv\Various Artists - Music From The Movies The Animated Collection,_movie And Tv/Various Artists - Music From The Movies The Animated Collection.pdf
Missing Input,_movie And Tv\Various Artists - Piano Solos Film Music - The Costume Drama Collection,_movie And Tv/Various Artists - Piano Solos Film Music - The Costume Drama Collection.pdf
Missing Input,_movie And Tv\Various Artists - Pirates Of The Caribbean At Worlds End,_movie And Tv/Various Artists - Pirates Of The Caribbean At Worlds End.pdf
Missing Input,_movie And Tv\Various Artists - Shrek 1,_movie And Tv/Various Artists - Shrek 1.pdf
Missing Input,_movie And Tv\Various Artists - Shrek 2,_movie And Tv/Various Artists - Shrek 2.pdf
Missing Input,_movie And Tv\Various Artists - Shrek 3,_movie And Tv/Various Artists - Shrek 3.pdf
Missing Input,_movie And Tv\Various Artists - Star Trek - Complete Star Trek Theme Music,_movie And Tv/Various Artists - Star Trek - Complete Star Trek Theme Music.pdf
Missing Input,_movie And Tv\Various Artists - Star Trek - Complete Theme Music _Piano Solo_,_movie And Tv/Various Artists - Star Trek - Complete Theme Music _Piano Solo_.pdf
Missing Input,_movie And Tv\Various Artists - Star Trek - Deep Space Nine,_movie And Tv/Various Artists - Star Trek - Deep Space Nine.pdf
Missing Input,_movie And Tv\Various Artists - Star Trek - Enterprise,_movie And Tv/Various Artists - Star Trek - Enterprise.pdf
Missing Input,_movie And Tv\Various Artists - Star Trek - First Contact,_movie And Tv/Various Artists - Star Trek - First Contact.pdf
Missing Input,_movie And Tv\Various Artists - Star Trek - Generations,_movie And Tv/Various Artists - Star Trek - Generations.pdf
Missing Input,_movie And Tv\Various Artists - Star Trek - Insurrection,_movie And Tv/Various Artists - Star Trek - Insurrection.pdf
Missing Input,_movie And Tv\Various Artists - Star Trek - Star Trek,_movie And Tv/Various Artists - Star Trek - Star Trek.pdf
Missing Input,_movie And Tv\Various Artists - Star Trek - Star Trek The Motion Picture,_movie And Tv/Various Artists - Star Trek - Star Trek The Motion Picture.pdf
Missing Input,_movie And Tv\Various Artists - Star Trek - The Final Frontier,_movie And Tv/Various Artists - Star Trek - The Final Frontier.pdf
Missing Input,_movie And Tv\Various Artists - Star Trek - The Next Generation,_movie And Tv/Various Artists - Star Trek - The Next Generation.pdf
Missing Input,_movie And Tv\Various Artists - Star Trek - The Search For Spock,_movie And Tv/Various Artists - Star Trek - The Search For Spock.pdf
Missing Input,_movie And Tv\Various Artists - Star Trek - The Undiscovered Country,_movie And Tv/Various Artists - Star Trek - The Undiscovered Country.pdf
Missing Input,_movie And Tv\Various Artists - Star Trek - The Voyage Home,_movie And Tv/Various Artists - Star Trek - The Voyage Home.pdf
Missing Input,_movie And Tv\Various Artists - Star Trek - The Wrath Of Khan,_movie And Tv/Various Artists - Star Trek - The Wrath Of Khan.pdf
Missing Input,_movie And Tv\Various Artists - Star Trek - Them From Search For Spock,_movie And Tv/Various Artists - Star Trek - Them From Search For Spock.pdf
Missing Input,_movie And Tv\Various Artists - Star Trek - Voyager,_movie And Tv/Various Artists - Star Trek - Voyager.pdf
Missing Input,_movie And Tv\Various Artists - Star Trek _Piano Solo_,_movie And Tv/Various Artists - Star Trek _Piano Solo_.pdf
Missing Input,_movie And Tv\Various Artists - The Big Book Of Movie Music,_movie And Tv/Various Artists - The Big Book Of Movie Music.pdf
Missing Input,_movie And Tv\Various Artists - The Simpsons - Simpsons Songbook,_movie And Tv/Various Artists - The Simpsons - Simpsons Songbook.pdf
Missing Input,_movie And Tv\Various Artists - The TV Fakebook,_movie And Tv/Various Artists - The TV Fakebook.pdf
Missing Input,_movie And Tv\Various Artists - Top Movie Hits,_movie And Tv/Various Artists - Top Movie Hits.pdf
Missing Input,_movie And Tv\Various Artists - TV Detective - Themes For Solo Piano,_movie And Tv/Various Artists - TV Detective - Themes For Solo Piano.pdf
Missing Input,_movie And Tv\Various Artists - TV Fakebook 2nd Ed,_movie And Tv/Various Artists - TV Fakebook 2nd Ed.pdf
Missing Input,_movie And Tv\Various Artists - Ultimate TV Showstoppers,_movie And Tv/Various Artists - Ultimate TV Showstoppers.pdf
Missing Input,_movie And Tv\Various Artists - Warner Bros 75th Anniversary,_movie And Tv/Various Artists - Warner Bros 75th Anniversary.pdf
Missing Input,_movie And Tv\Various Artists - Wizard Of Oz _Book_,_movie And Tv/Various Artists - Wizard Of Oz _Book_.pdf
