PDF_Name,PDF_Path,Artist
ACDC - Anthology,SheetMusic\ACDC\Books\ACDC - Anthology.pdf,ACDC
Adele - 19 _PVG Book_,SheetMusic\Adele\Books\Adele - 19 _PVG Book_.pdf,Adele
Aerosmith - Greatest Hits _Songbook_,SheetMusic\Aerosmith\Books\Aerosmith - Greatest Hits _Songbook_.pdf,Aerosmith
Allman Brothers - Allman Brothers Band _PVG_,SheetMusic\Allman Brothers\Books\Allman Brothers - Allman Brothers Band _PVG_.pdf,Allman Brothers
Allman Brothers - Band Best _Score_,SheetMusic\Allman Brothers\Books\Allman Brothers - Band Best _Score_.pdf,Allman Brothers
Allman Brothers - Best Of _PVG_,SheetMusic\Allman Brothers\Books\Allman Brothers - Best Of _PVG_.pdf,Allman Brothers
America - America _PVG Book_,SheetMusic\America\Books\America - America _PVG Book_.pdf,America
America - Greatest Hits,SheetMusic\America\Books\America - Greatest Hits.pdf,America
Asia - Alpha _PVG Book_,SheetMusic\Asia\Books\Asia - Alpha _PVG Book_.pdf,Asia
Avril Lavigne - The Best Damn Thing _PVG Book_,SheetMusic\Avril Lavigne\Books\Avril Lavigne - The Best Damn Thing _PVG Book_.pdf,Avril Lavigne
Barry Manilow - Anthology,SheetMusic\Barry Manilow\Books\Barry Manilow - Anthology.pdf,Barry Manilow
Barry Manilow - Barry Manilow _PVG Book_,SheetMusic\Barry Manilow\Books\Barry Manilow - Barry Manilow _PVG Book_.pdf,Barry Manilow
Beatles - 100 Hits For All Keyboards,SheetMusic\Beatles\Books\Beatles - 100 Hits For All Keyboards.pdf,Beatles
Beatles - Abbey Road Guitar Recorded Version,SheetMusic\Beatles\Books\Beatles - Abbey Road Guitar Recorded Version.pdf,Beatles
Beatles - Abbey Road,SheetMusic\Beatles\Books\Beatles - Abbey Road.pdf,Beatles
Beatles - All Songs 1962-1974,SheetMusic\Beatles\Books\Beatles - All Songs 1962-1974.pdf,Beatles
Beatles - Anthology 1 _113 pages_,SheetMusic\Beatles\Books\Beatles - Anthology 1 _113 pages_.pdf,Beatles
Beatles - Anthology 1,SheetMusic\Beatles\Books\Beatles - Anthology 1.pdf,Beatles
Beatles - Anthology 2 page_01_-_40,SheetMusic\Beatles\Books\Beatles - Anthology 2 page_01_-_40.pdf,Beatles
Beatles - Anthology 2 page_41_-72,SheetMusic\Beatles\Books\Beatles - Anthology 2 page_41_-72.pdf,Beatles
Beatles - Anthology 2 page_73_-112,SheetMusic\Beatles\Books\Beatles - Anthology 2 page_73_-112.pdf,Beatles
Beatles - Anthology 3 page_01_-_36,SheetMusic\Beatles\Books\Beatles - Anthology 3 page_01_-_36.pdf,Beatles
Beatles - Anthology 3 page_80_-_111,SheetMusic\Beatles\Books\Beatles - Anthology 3 page_80_-_111.pdf,Beatles
Beatles - Anthology 3 _page 37 - 79,SheetMusic\Beatles\Books\Beatles - Anthology 3 _page 37 - 79.pdf,Beatles
Beatles - Anthology,SheetMusic\Beatles\Books\Beatles - Anthology.pdf,Beatles
Beatles - Beatlemania 1963-1966,SheetMusic\Beatles\Books\Beatles - Beatlemania 1963-1966.pdf,Beatles
Beatles - Complete Scores _2_,SheetMusic\Beatles\Books\Beatles - Complete Scores _2_.pdf,Beatles
Beatles - Complete Scores,SheetMusic\Beatles\Books\Beatles - Complete Scores.pdf,Beatles
Beatles - Essential Songs,SheetMusic\Beatles\Books\Beatles - Essential Songs.pdf,Beatles
Beatles - Fake Songbook _Guitar_,SheetMusic\Beatles\Books\Beatles - Fake Songbook _Guitar_.pdf,Beatles
Beatles - Joy Of Beatles,SheetMusic\Beatles\Books\Beatles - Joy Of Beatles.pdf,Beatles
Beatles - Live At The Hollywood Bowl _2_,SheetMusic\Beatles\Books\Beatles - Live At The Hollywood Bowl _2_.pdf,Beatles
Beatles - Live At The Hollywood Bowl,SheetMusic\Beatles\Books\Beatles - Live At The Hollywood Bowl.pdf,Beatles
Beatles - Revolver _2_,SheetMusic\Beatles\Books\Beatles - Revolver _2_.pdf,Beatles
Beatles - Revolver,SheetMusic\Beatles\Books\Beatles - Revolver.pdf,Beatles
Beatles - Rubber Soul,SheetMusic\Beatles\Books\Beatles - Rubber Soul.pdf,Beatles
Beatles - Sergeant Peppers Lonely Hearts Club Band,SheetMusic\Beatles\Books\Beatles - Sergeant Peppers Lonely Hearts Club Band.pdf,Beatles
Beatles - Singles Collection _PVG_,SheetMusic\Beatles\Books\Beatles - Singles Collection _PVG_.pdf,Beatles
Beatles - Songbook,SheetMusic\Beatles\Books\Beatles - Songbook.pdf,Beatles
Beatles - White Album 1 _Guitar Recorded Version_,SheetMusic\Beatles\Books\Beatles - White Album 1 _Guitar Recorded Version_.pdf,Beatles
Bee Gees - Anthology,SheetMusic\Bee Gees\Books\Bee Gees - Anthology.pdf,Bee Gees
Belinda Carlisle - 5 Of The Best _PVG_,SheetMusic\Belinda Carlisle\Books\Belinda Carlisle - 5 Of The Best _PVG_.pdf,Belinda Carlisle
Ben Folds - Songs For Silverman,SheetMusic\Ben Folds\Books\Ben Folds - Songs For Silverman.pdf,Ben Folds
Ben Folds - Songs For The Silverman,SheetMusic\Ben Folds\Books\Ben Folds - Songs For The Silverman.pdf,Ben Folds
Ben Folds Five - Selections From Naked Baby Photos _Score_,SheetMusic\Ben Folds\Books\Ben Folds Five - Selections From Naked Baby Photos _Score_.pdf,Ben Folds
Ben Folds Five - Whatever And Ever Amen _Book_,SheetMusic\Ben Folds\Books\Ben Folds Five - Whatever And Ever Amen _Book_.pdf,Ben Folds
Billy Joel - 52nd Street,SheetMusic\Billy Joel\Books\Billy Joel - 52nd Street.pdf,Billy Joel
Billy Joel - Anthology,SheetMusic\Billy Joel\Books\Billy Joel - Anthology.pdf,Billy Joel
Billy Joel - Best Of Piano Solos,SheetMusic\Billy Joel\Books\Billy Joel - Best Of Piano Solos.pdf,Billy Joel
Billy Joel - Complete Vol 1,SheetMusic\Billy Joel\Books\Billy Joel - Complete Vol 1.pdf,Billy Joel
Billy Joel - Complete Vol 2,SheetMusic\Billy Joel\Books\Billy Joel - Complete Vol 2.pdf,Billy Joel
Billy Joel - Fantasies And Delusions,SheetMusic\Billy Joel\Books\Billy Joel - Fantasies And Delusions.pdf,Billy Joel
Billy Joel - For Advanced Piano,SheetMusic\Billy Joel\Books\Billy Joel - For Advanced Piano.pdf,Billy Joel
Billy Joel - Glass Houses,SheetMusic\Billy Joel\Books\Billy Joel - Glass Houses.pdf,Billy Joel
Billy Joel - Greatest Hits Vol I And II,SheetMusic\Billy Joel\Books\Billy Joel - Greatest Hits Vol I And II.pdf,Billy Joel
Billy Joel - Greatest Hits Vol III,SheetMusic\Billy Joel\Books\Billy Joel - Greatest Hits Vol III.pdf,Billy Joel
Billy Joel - Greatest Hits,SheetMusic\Billy Joel\Books\Billy Joel - Greatest Hits.pdf,Billy Joel
Billy Joel - Keyboard Book,SheetMusic\Billy Joel\Books\Billy Joel - Keyboard Book.pdf,Billy Joel
Billy Joel - My Lives,SheetMusic\Billy Joel\Books\Billy Joel - My Lives.pdf,Billy Joel
Billy Joel - Rock Score,SheetMusic\Billy Joel\Books\Billy Joel - Rock Score.pdf,Billy Joel
Billy Joel - Songs In The Attic,SheetMusic\Billy Joel\Books\Billy Joel - Songs In The Attic.pdf,Billy Joel
Billy Ocean - The Best Of,SheetMusic\Billy Ocean\Books\Billy Ocean - The Best Of.pdf,Billy Ocean
Black Eyed Peas - Elephunk _PVG Book_,SheetMusic\Black Eyed Peas\Books\Black Eyed Peas - Elephunk _PVG Book_.pdf,Black Eyed Peas
Blues Brothers - Complete,SheetMusic\Blues Brothers\Books\Blues Brothers - Complete.pdf,Blues Brothers
Bob Dylan - Anthology 1,SheetMusic\Bob Dylan\Books\Bob Dylan - Anthology 1.pdf,Bob Dylan
Bob Dylan - Anthology 2,SheetMusic\Bob Dylan\Books\Bob Dylan - Anthology 2.pdf,Bob Dylan
Bob Dylan - Anthology,SheetMusic\Bob Dylan\Books\Bob Dylan - Anthology.pdf,Bob Dylan
Bob Dylan - Basement Tapes _PVG_,SheetMusic\Bob Dylan\Books\Bob Dylan - Basement Tapes _PVG_.pdf,Bob Dylan
Bob Dylan - Blonde On Blonde,SheetMusic\Bob Dylan\Books\Bob Dylan - Blonde On Blonde.pdf,Bob Dylan
Bob Dylan - Collection,SheetMusic\Bob Dylan\Books\Bob Dylan - Collection.pdf,Bob Dylan
Bob Dylan - Desire,SheetMusic\Bob Dylan\Books\Bob Dylan - Desire.pdf,Bob Dylan
Bob Dylan - Finger Picking,SheetMusic\Bob Dylan\Books\Bob Dylan - Finger Picking.pdf,Bob Dylan
Bob Dylan - Highway 61 Revisited,SheetMusic\Bob Dylan\Books\Bob Dylan - Highway 61 Revisited.pdf,Bob Dylan
Bob Dylan - Rock Score,SheetMusic\Bob Dylan\Books\Bob Dylan - Rock Score.pdf,Bob Dylan
Bob Dylan - Saved,SheetMusic\Bob Dylan\Books\Bob Dylan - Saved.pdf,Bob Dylan
Bob Dylan - Songbook,SheetMusic\Bob Dylan\Books\Bob Dylan - Songbook.pdf,Bob Dylan
Bob Dylan - The Harp Styles Of Bob Dylan _Harmonica_,SheetMusic\Bob Dylan\Books\Bob Dylan - The Harp Styles Of Bob Dylan _Harmonica_.pdf,Bob Dylan
Bob Seger - Greatest Hits,SheetMusic\Bob Seger\Books\Bob Seger - Greatest Hits.pdf,Bob Seger
Bob Seger - The New Best Of Bob Seger,SheetMusic\Bob Seger\Books\Bob Seger - The New Best Of Bob Seger.pdf,Bob Seger
Bon Jovi - Best Of Bon Jovi,SheetMusic\Bon Jovi\Books\Bon Jovi - Best Of Bon Jovi.pdf,Bon Jovi
Bonnie Raitt - Nick Of Time _PVG Book_,SheetMusic\Bonnie Raitt\Books\Bonnie Raitt - Nick Of Time _PVG Book_.pdf,Bonnie Raitt
Bonnie Raitt - Road Tested _PVG Book_,SheetMusic\Bonnie Raitt\Books\Bonnie Raitt - Road Tested _PVG Book_.pdf,Bonnie Raitt
Bonnie Tyler - Hot Songs,SheetMusic\Bonnie Tyler\Books\Bonnie Tyler - Hot Songs.pdf,Bonnie Tyler
Bread - Best Of Bread,SheetMusic\Bread\Books\Bread - Best Of Bread.pdf,Bread
Bruce Springsteen - Born In The USA,SheetMusic\Bruce Springsteen\Books\Bruce Springsteen - Born In The USA.pdf,Bruce Springsteen
Bruce Springsteen - Born To Run,SheetMusic\Bruce Springsteen\Books\Bruce Springsteen - Born To Run.pdf,Bruce Springsteen
Bruce Springsteen - Greatest Hits,SheetMusic\Bruce Springsteen\Books\Bruce Springsteen - Greatest Hits.pdf,Bruce Springsteen
Bruce Springsteen - Lucky Town,SheetMusic\Bruce Springsteen\Books\Bruce Springsteen - Lucky Town.pdf,Bruce Springsteen
Buddy Holly - Golden Anniversary Songbook,SheetMusic\Buddy Holly\Books\Buddy Holly - Golden Anniversary Songbook.pdf,Buddy Holly
Burl Ives - Song Book,SheetMusic\Burl Ives\Books\Burl Ives - Song Book.pdf,Burl Ives
Burt Bacharach - 40 Golden Songs Of,SheetMusic\Burt Bacharach\Books\Burt Bacharach - 40 Golden Songs Of.pdf,Burt Bacharach
Burt Bacharach - Anthology,SheetMusic\Burt Bacharach\Books\Burt Bacharach - Anthology.pdf,Burt Bacharach
Burt Bacharach - Bacharach Collection,SheetMusic\Burt Bacharach\Books\Burt Bacharach - Bacharach Collection.pdf,Burt Bacharach
Carole King - Bradleys Best Of The Best _Organ_,SheetMusic\Carole King\Books\Carole King - Bradleys Best Of The Best _Organ_.pdf,Carole King
Carole King - Classics _2_,SheetMusic\Carole King\Books\Carole King - Classics _2_.pdf,Carole King
Carole King - Classics _3_,SheetMusic\Carole King\Books\Carole King - Classics _3_.pdf,Carole King
Carole King - Classics,SheetMusic\Carole King\Books\Carole King - Classics.pdf,Carole King
Carole King - Keyboard Play-Along Vol 22,SheetMusic\Carole King\Books\Carole King - Keyboard Play-Along Vol 22.pdf,Carole King
Carole King - Tapestry,SheetMusic\Carole King\Books\Carole King - Tapestry.pdf,Carole King
Carole King - The New Best Of Carole King,SheetMusic\Carole King\Books\Carole King - The New Best Of Carole King.pdf,Carole King
Carole King - Youre The Voice,SheetMusic\Carole King\Books\Carole King - Youre The Voice.pdf,Carole King
Carpenters - Anthology,SheetMusic\Carpenters\Books\Carpenters - Anthology.pdf,Carpenters
Carpenters - Love Songs,SheetMusic\Carpenters\Books\Carpenters - Love Songs.pdf,Carpenters
Carpenters - Note For Note,SheetMusic\Carpenters\Books\Carpenters - Note For Note.pdf,Carpenters
Cheap Trick - Greatest Hits _Score_,SheetMusic\Cheap Trick\Books\Cheap Trick - Greatest Hits _Score_.pdf,Cheap Trick
Colbie Caillat - Breakthrough _PVG Book_,SheetMusic\Colbie Caillat\Books\Colbie Caillat - Breakthrough _PVG Book_.pdf,Colbie Caillat
Cole Porter - The Very Best Of Cole Porter,SheetMusic\Cole Porter\Books\Cole Porter - The Very Best Of Cole Porter.pdf,Cole Porter
Cream - Cream Complete,SheetMusic\Cream\Books\Cream - Cream Complete.pdf,Cream
Creedence Clearwater Revival - 8 Pcs Book,SheetMusic\Creedence Clearwater Revival\Books\Creedence Clearwater Revival - 8 Pcs Book.pdf,Creedence Clearwater Revival
Creedence Clearwater Revival - Best Of,SheetMusic\Creedence Clearwater Revival\Books\Creedence Clearwater Revival - Best Of.pdf,Creedence Clearwater Revival
Creedence Clearwater Revival - Guitar Anthology,SheetMusic\Creedence Clearwater Revival\Books\Creedence Clearwater Revival - Guitar Anthology.pdf,Creedence Clearwater Revival
Creedence Clearwater Revival - Ultimate Minus One,SheetMusic\Creedence Clearwater Revival\Books\Creedence Clearwater Revival - Ultimate Minus One.pdf,Creedence Clearwater Revival
Crosby Stills Nash And Young - Deja Vu _PVG Book_,SheetMusic\Crosby Stills and Nash\Books\Crosby Stills Nash And Young - Deja Vu _PVG Book_.pdf,Crosby Stills and Nash
Crosby Stills Nash And Young - The Guitar Collection,SheetMusic\Crosby Stills and Nash\Books\Crosby Stills Nash And Young - The Guitar Collection.pdf,Crosby Stills and Nash
Crowded House - The Very Best Of _PVG Book_,SheetMusic\Crowded House\Books\Crowded House - The Very Best Of _PVG Book_.pdf,Crowded House
Crowded House - Together Alone _PVG Book_,SheetMusic\Crowded House\Books\Crowded House - Together Alone _PVG Book_.pdf,Crowded House
David Crosby - Songbook _Lead Sheets_,SheetMusic\David Crosby\Books\David Crosby - Songbook _Lead Sheets_.pdf,David Crosby
Dire Straits - Best Of Dire Straits _Guitar Tab_,SheetMusic\Dire Straits\Books\Dire Straits - Best Of Dire Straits _Guitar Tab_.pdf,Dire Straits
Dire Straits - Jam With Dire Straits _Guitar Book_,SheetMusic\Dire Straits\Books\Dire Straits - Jam With Dire Straits _Guitar Book_.pdf,Dire Straits
Dire Straits - Mark Knopfler Guitar Styles Vol 1 _Guitar Book_,SheetMusic\Dire Straits\Books\Dire Straits - Mark Knopfler Guitar Styles Vol 1 _Guitar Book_.pdf,Dire Straits
Dire Straits - Money For Nothing _Guitar Book_,SheetMusic\Dire Straits\Books\Dire Straits - Money For Nothing _Guitar Book_.pdf,Dire Straits
Don Henley - Actual Miles _Greatest Hits_,SheetMusic\Don Henley\Books\Don Henley - Actual Miles _Greatest Hits_.pdf,Don Henley
Don Henley - The End Of The Innocence _PVG Book_,SheetMusic\Don Henley\Books\Don Henley - The End Of The Innocence _PVG Book_.pdf,Don Henley
Doobie Brothers - Best Of _Band Score Jap_,SheetMusic\Doobie Brothers\Books\Doobie Brothers - Best Of _Band Score Jap_.pdf,Doobie Brothers
Doobie Brothers - Songs,SheetMusic\Doobie Brothers\Books\Doobie Brothers - Songs.pdf,Doobie Brothers
Doors - Anthology,SheetMusic\Doors\Books\Doors - Anthology.pdf,Doors
Doors - Songbook,SheetMusic\Doors\Books\Doors - Songbook.pdf,Doors
Dr John - New Orleans Piano Vol 2,SheetMusic\Dr John\Books\Dr John - New Orleans Piano Vol 2.pdf,Dr John
Duran Duran - Best Of _Score_,SheetMusic\Duran Duran\Books\Duran Duran - Best Of _Score_.pdf,Duran Duran
Duran Duran - Decade _PVG Book_,SheetMusic\Duran Duran\Books\Duran Duran - Decade _PVG Book_.pdf,Duran Duran
Duran Duran - Seven And The Ragged Tiger _Jap Band Score_,SheetMusic\Duran Duran\Books\Duran Duran - Seven And The Ragged Tiger _Jap Band Score_.pdf,Duran Duran
Eagles - Greatest Hits _1971-1975_,SheetMusic\Eagles\Books\Eagles - Greatest Hits _1971-1975_.pdf,Eagles
Eagles - Greatest Hits,SheetMusic\Eagles\Books\Eagles - Greatest Hits.pdf,Eagles
Eagles - Hotel California _Guitar Songbook_,SheetMusic\Eagles\Books\Eagles - Hotel California _Guitar Songbook_.pdf,Eagles
Eagles - Made Easy For Guitar,SheetMusic\Eagles\Books\Eagles - Made Easy For Guitar.pdf,Eagles
Eagles - New Eagles Complete,SheetMusic\Eagles\Books\Eagles - New Eagles Complete.pdf,Eagles
Eagles - The Best Of The Eagles - Songbook,SheetMusic\Eagles\Books\Eagles - The Best Of The Eagles - Songbook.pdf,Eagles
ELO - A New World Record,SheetMusic\ELO\Books\ELO - A New World Record.pdf,ELO
Elo - Anthology _PVG_,SheetMusic\ELO\Books\Elo - Anthology _PVG_.pdf,ELO
Elo - Discovery _PVG Book_,SheetMusic\ELO\Books\Elo - Discovery _PVG Book_.pdf,ELO
Elo - Face The Music _PVG Bok_,SheetMusic\ELO\Books\Elo - Face The Music _PVG Bok_.pdf,ELO
ELO - Greatest Hits,SheetMusic\ELO\Books\ELO - Greatest Hits.pdf,ELO
Elo - Out Of The Blue _Book_,SheetMusic\ELO\Books\Elo - Out Of The Blue _Book_.pdf,ELO
Elton John - A Single Man,SheetMusic\Elton John\Books\Elton John - A Single Man.pdf,Elton John
Elton John - Captain Fantastic,SheetMusic\Elton John\Books\Elton John - Captain Fantastic.pdf,Elton John
Elton John - Greatest Hits 1970-2002,SheetMusic\Elton John\Books\Elton John - Greatest Hits 1970-2002.pdf,Elton John
Elton John - Ice On Fire,SheetMusic\Elton John\Books\Elton John - Ice On Fire.pdf,Elton John
Elton John - Made In England,SheetMusic\Elton John\Books\Elton John - Made In England.pdf,Elton John
Elton John - Peachtree Road,SheetMusic\Elton John\Books\Elton John - Peachtree Road.pdf,Elton John
Elton John - Reg Strikes Back,SheetMusic\Elton John\Books\Elton John - Reg Strikes Back.pdf,Elton John
Elton John - Sleeping With The Past,SheetMusic\Elton John\Books\Elton John - Sleeping With The Past.pdf,Elton John
Elton John - Songs From The West Coast,SheetMusic\Elton John\Books\Elton John - Songs From The West Coast.pdf,Elton John
Elton John - The Big Picture,SheetMusic\Elton John\Books\Elton John - The Big Picture.pdf,Elton John
Elton John - The Elton John Collection _Piano Solos_,SheetMusic\Elton John\Books\Elton John - The Elton John Collection _Piano Solos_.pdf,Elton John
Elton John - The One,SheetMusic\Elton John\Books\Elton John - The One.pdf,Elton John
Elton John - The Ultimate Collection Vol 1,SheetMusic\Elton John\Books\Elton John - The Ultimate Collection Vol 1.pdf,Elton John
Elton John - The Ultimate Collection Vol 2,SheetMusic\Elton John\Books\Elton John - The Ultimate Collection Vol 2.pdf,Elton John
Elton John - The Very Best Of,SheetMusic\Elton John\Books\Elton John - The Very Best Of.pdf,Elton John
Elton John - Too Low For Zero _Book_,SheetMusic\Elton John\Books\Elton John - Too Low For Zero _Book_.pdf,Elton John
Elvis Costello - The Very Best Of,SheetMusic\Elvis Costello\Books\Elvis Costello - The Very Best Of.pdf,Elvis Costello
Elvis Presley - The Compleat _PVG Book_,SheetMusic\Elvis Presley\Books\Elvis Presley - The Compleat _PVG Book_.pdf,Elvis Presley
Emerson Lake And Palmer - Black Book,SheetMusic\Emerson Lake and Palmer\Books\Emerson Lake And Palmer - Black Book.pdf,Emerson Lake and Palmer
Emerson Lake And Palmer - Greatest Hits,SheetMusic\Emerson Lake and Palmer\Books\Emerson Lake And Palmer - Greatest Hits.pdf,Emerson Lake and Palmer
Emerson Lake And Palmer - Tarkus _Book_,SheetMusic\Emerson Lake and Palmer\Books\Emerson Lake And Palmer - Tarkus _Book_.pdf,Emerson Lake and Palmer
Emerson Lake And Palmer - Trilogy _Book_,SheetMusic\Emerson Lake and Palmer\Books\Emerson Lake And Palmer - Trilogy _Book_.pdf,Emerson Lake and Palmer
Eric Clapton - Derek And The Dominos _Book_,SheetMusic\Eric Clapton\Books\Eric Clapton - Derek And The Dominos _Book_.pdf,Eric Clapton
Eric Clapton - The Best Of Book,SheetMusic\Eric Clapton\Books\Eric Clapton - The Best Of Book.pdf,Eric Clapton
Eric Clapton - The Cream Of Clapton,SheetMusic\Eric Clapton\Books\Eric Clapton - The Cream Of Clapton.pdf,Eric Clapton
Eric Clapton - Unplugged _Book_,SheetMusic\Eric Clapton\Books\Eric Clapton - Unplugged _Book_.pdf,Eric Clapton
Fleetwood Mac - Anthology,SheetMusic\Fleetwood Mac\Books\Fleetwood Mac - Anthology.pdf,Fleetwood Mac
Fleetwood Mac - Deluxe Anthology,SheetMusic\Fleetwood Mac\Books\Fleetwood Mac - Deluxe Anthology.pdf,Fleetwood Mac
Fleetwood Mac - Fleetwood Mac Heroes Are Hard To Find,SheetMusic\Fleetwood Mac\Books\Fleetwood Mac - Fleetwood Mac Heroes Are Hard To Find.pdf,Fleetwood Mac
Fleetwood Mac - Mirage,SheetMusic\Fleetwood Mac\Books\Fleetwood Mac - Mirage.pdf,Fleetwood Mac
Fleetwood Mac - Rumours,SheetMusic\Fleetwood Mac\Books\Fleetwood Mac - Rumours.pdf,Fleetwood Mac
Fleetwood Mac - Tango In The Night,SheetMusic\Fleetwood Mac\Books\Fleetwood Mac - Tango In The Night.pdf,Fleetwood Mac
Fleetwood Mac - The Dance,SheetMusic\Fleetwood Mac\Books\Fleetwood Mac - The Dance.pdf,Fleetwood Mac
Frank Zappa - Songbook Vol 1,SheetMusic\Frank Zappa\Books\Frank Zappa - Songbook Vol 1.pdf,Frank Zappa
Frank Zappa - The Frank Zappa Guitar Book _transcriptions By Steve Vai_,SheetMusic\Frank Zappa\Books\Frank Zappa - The Frank Zappa Guitar Book _transcriptions By Steve Vai_.pdf,Frank Zappa
Fray - How To Save A Life _Book_,SheetMusic\Fray\Books\Fray - How To Save A Life _Book_.pdf,Fray
Garth Brooks - No Fences _Guitar Tab_,SheetMusic\Garth Brooks\Books\Garth Brooks - No Fences _Guitar Tab_.pdf,Garth Brooks
Garth Brooks - The Hits _Guitar Tab_,SheetMusic\Garth Brooks\Books\Garth Brooks - The Hits _Guitar Tab_.pdf,Garth Brooks
Garth Brooks - The Limited Series,SheetMusic\Garth Brooks\Books\Garth Brooks - The Limited Series.pdf,Garth Brooks
Genesis - A Trick Of The Tail _Book_,SheetMusic\Genesis\Books\Genesis - A Trick Of The Tail _Book_.pdf,Genesis
Genesis - Anthology,SheetMusic\Genesis\Books\Genesis - Anthology.pdf,Genesis
Genesis - Best Of Vol 1,SheetMusic\Genesis\Books\Genesis - Best Of Vol 1.pdf,Genesis
Genesis - Invisible Touch _Book_,SheetMusic\Genesis\Books\Genesis - Invisible Touch _Book_.pdf,Genesis
Genesis - Rock Score,SheetMusic\Genesis\Books\Genesis - Rock Score.pdf,Genesis
Genesis - Seconds Out,SheetMusic\Genesis\Books\Genesis - Seconds Out.pdf,Genesis
Genesis - Selling England By The Pound,SheetMusic\Genesis\Books\Genesis - Selling England By The Pound.pdf,Genesis
George Michael - Greatest Hits,SheetMusic\George Michael\Books\George Michael - Greatest Hits.pdf,George Michael
George Michael - Older _Book_,SheetMusic\George Michael\Books\George Michael - Older _Book_.pdf,George Michael
Grand Funk - Closer To Home _PVG Book_,SheetMusic\Grand Funk Railroad\Books\Grand Funk - Closer To Home _PVG Book_.pdf,Grand Funk Railroad
Grand Funk - Were An American Band _PVG Book_,SheetMusic\Grand Funk Railroad\Books\Grand Funk - Were An American Band _PVG Book_.pdf,Grand Funk Railroad
Grand Funk Railroad - Born To Die _PVG Book_,SheetMusic\Grand Funk Railroad\Books\Grand Funk Railroad - Born To Die _PVG Book_.pdf,Grand Funk Railroad
Grand Funk Railroad - Hits From Were An American Band Shinin On Phoenix _PVG_,SheetMusic\Grand Funk Railroad\Books\Grand Funk Railroad - Hits From Were An American Band Shinin On Phoenix _PVG_.pdf,Grand Funk Railroad
Harry Chapin - The Authentic Guitar Style Of _Guitar Tab_,SheetMusic\Harry Chapin\Books\Harry Chapin - The Authentic Guitar Style Of _Guitar Tab_.pdf,Harry Chapin
Hermans Hermits - Collection,SheetMusic\Herman's Hermits\Books\Hermans Hermits - Collection.pdf,Herman's Hermits
Jackson Browne - Deluxe Anthology,SheetMusic\Jackson Browne\Books\Jackson Browne - Deluxe Anthology.pdf,Jackson Browne
James Blunt - All The Lost Souls _Book_,SheetMusic\James Blunt\Books\James Blunt - All The Lost Souls _Book_.pdf,James Blunt
James Blunt - Back To Bedlam _Book_,SheetMusic\James Blunt\Books\James Blunt - Back To Bedlam _Book_.pdf,James Blunt
James Taylor - Classic _Guitar_,SheetMusic\James Taylor\Books\James Taylor - Classic _Guitar_.pdf,James Taylor
James Taylor - Classics _guitar tab_,SheetMusic\James Taylor\Books\James Taylor - Classics _guitar tab_.pdf,James Taylor
James Taylor - Guitar Songbook,SheetMusic\James Taylor\Books\James Taylor - Guitar Songbook.pdf,James Taylor
James Taylor - James Taylor Songbook,SheetMusic\James Taylor\Books\James Taylor - James Taylor Songbook.pdf,James Taylor
James Taylor - James Taylor _PVG Book_,SheetMusic\James Taylor\Books\James Taylor - James Taylor _PVG Book_.pdf,James Taylor
James Taylor - Thats Why Im Here _PVG Book_,SheetMusic\James Taylor\Books\James Taylor - Thats Why Im Here _PVG Book_.pdf,James Taylor
Jim Croce - Acoustic Fingerstyle Video Guitar Lessons,SheetMusic\Jim Croce\Books\Jim Croce - Acoustic Fingerstyle Video Guitar Lessons.pdf,Jim Croce
Jimmy Buffett - Barometer Soup _PVG Book_,SheetMusic\Jimmy Buffet\Books\Jimmy Buffett - Barometer Soup _PVG Book_.pdf,Jimmy Buffet
Jimmy Buffett - Fruitcakes _PVG Book_,SheetMusic\Jimmy Buffet\Books\Jimmy Buffett - Fruitcakes _PVG Book_.pdf,Jimmy Buffet
Joe Cocker - Best Of,SheetMusic\Joe Cocker\Books\Joe Cocker - Best Of.pdf,Joe Cocker
Joe Cocker - Mad Dogs And Englishmen _Book_,SheetMusic\Joe Cocker\Books\Joe Cocker - Mad Dogs And Englishmen _Book_.pdf,Joe Cocker
Joe Cocker - Songbook,SheetMusic\Joe Cocker\Books\Joe Cocker - Songbook.pdf,Joe Cocker
John Denver - Anthology _PVG_,SheetMusic\John Denver\Books\John Denver - Anthology _PVG_.pdf,John Denver
John Denver - Anthology,SheetMusic\John Denver\Books\John Denver - Anthology.pdf,John Denver
John Denver - Back Home Again,SheetMusic\John Denver\Books\John Denver - Back Home Again.pdf,John Denver
John Denver - Best Of _Easy Piano_,SheetMusic\John Denver\Books\John Denver - Best Of _Easy Piano_.pdf,John Denver
John Denver - I Want To Live _PVG Book_,SheetMusic\John Denver\Books\John Denver - I Want To Live _PVG Book_.pdf,John Denver
John Denver - The Authentic Guitar Style Of,SheetMusic\John Denver\Books\John Denver - The Authentic Guitar Style Of.pdf,John Denver
John Lennon - Collection,SheetMusic\John Lennon\Books\John Lennon - Collection.pdf,John Lennon
John Lennon - Greatest Hits,SheetMusic\John Lennon\Books\John Lennon - Greatest Hits.pdf,John Lennon
Joni Mitchell - The Best Of _PVG_,SheetMusic\Joni Mitchell\Books\Joni Mitchell - The Best Of _PVG_.pdf,Joni Mitchell
Journey - Complete Songbook,SheetMusic\Journey\Books\Journey - Complete Songbook.pdf,Journey
Journey - Complete,SheetMusic\Journey\Books\Journey - Complete.pdf,Journey
Journey - Frontiers _Jap Band Score_,SheetMusic\Journey\Books\Journey - Frontiers _Jap Band Score_.pdf,Journey
Journey - Greatest Hits _Book_,SheetMusic\Journey\Books\Journey - Greatest Hits _Book_.pdf,Journey
Journey - Greatest Hits,SheetMusic\Journey\Books\Journey - Greatest Hits.pdf,Journey
Journey - Superbest _Jap Band Score_,SheetMusic\Journey\Books\Journey - Superbest _Jap Band Score_.pdf,Journey
Journey - The Guitar Collection,SheetMusic\Journey\Books\Journey - The Guitar Collection.pdf,Journey
Judy Garland - Songbook,SheetMusic\Judy Garland\Books\Judy Garland - Songbook.pdf,Judy Garland
Katy Perry - One Of The Boys _PVG Book_,SheetMusic\Katy Perry\Books\Katy Perry - One Of The Boys _PVG Book_.pdf,Katy Perry
Kelly Clarkson - Breakaway _Book_,SheetMusic\Kelly Clarkson\Books\Kelly Clarkson - Breakaway _Book_.pdf,Kelly Clarkson
Kenny Rogers - Love Or Something Like It _Book_,SheetMusic\Kenny Rogers\Books\Kenny Rogers - Love Or Something Like It _Book_.pdf,Kenny Rogers
Kinks - Best Of The Kinks _Score_,SheetMusic\Kinks\Books\Kinks - Best Of The Kinks _Score_.pdf,Kinks
Kinks - Best Of _Score_,SheetMusic\Kinks\Books\Kinks - Best Of _Score_.pdf,Kinks
Kinks - Great Songs Of Kinks,SheetMusic\Kinks\Books\Kinks - Great Songs Of Kinks.pdf,Kinks
Kinks - Guitar Legends _Guitar_,SheetMusic\Kinks\Books\Kinks - Guitar Legends _Guitar_.pdf,Kinks
Kinks - Jam With The Kinks _Tab_,SheetMusic\Kinks\Books\Kinks - Jam With The Kinks _Tab_.pdf,Kinks
Led Zeppelin - Led Zeppelin II,SheetMusic\Led Zepplin\Books\Led Zeppelin - Led Zeppelin II.pdf,Led Zepplin
Led Zeppelin - Over The Hills And Far Away _PVG_,SheetMusic\Led Zepplin\Books\Led Zeppelin - Over The Hills And Far Away _PVG_.pdf,Led Zepplin
Lynyrd Skynyrd - The New Best Of _Guitar Tab_,SheetMusic\Lynyrd Skynyrd\Books\Lynyrd Skynyrd - The New Best Of _Guitar Tab_.pdf,Lynyrd Skynyrd
Mamas And The Papas - Songbook _PVG_,SheetMusic\Mamas and the Papas\Books\Mamas And The Papas - Songbook _PVG_.pdf,Mamas and the Papas
MeatLoaf - Bat Out Of Hell,SheetMusic\MeatLoaf\Books\MeatLoaf - Bat Out Of Hell.pdf,MeatLoaf
Melissa Etheridge - Songbook,SheetMusic\Melissa Etheridge\Books\Melissa Etheridge - Songbook.pdf,Melissa Etheridge
Michael Jackson - Great Songs Of _PVG_,SheetMusic\Michael Jackson\Books\Michael Jackson - Great Songs Of _PVG_.pdf,Michael Jackson
Michael Jackson - Number Ones _Book_,SheetMusic\Michael Jackson\Books\Michael Jackson - Number Ones _Book_.pdf,Michael Jackson
Michael Jackson - Number Ones,SheetMusic\Michael Jackson\Books\Michael Jackson - Number Ones.pdf,Michael Jackson
Michael Jackson - The Great Songs Of,SheetMusic\Michael Jackson\Books\Michael Jackson - The Great Songs Of.pdf,Michael Jackson
Michael Jackson - Thriller _The Complete Song Book_,SheetMusic\Michael Jackson\Books\Michael Jackson - Thriller _The Complete Song Book_.pdf,Michael Jackson
Monkees - Greatest Hits,SheetMusic\Monkees\Books\Monkees - Greatest Hits.pdf,Monkees
Moody Blues - Greatest Hits _PVG_,SheetMusic\Moody Blues\Books\Moody Blues - Greatest Hits _PVG_.pdf,Moody Blues
Moody Blues - Keys Of Kingdom _Band Score_,SheetMusic\Moody Blues\Books\Moody Blues - Keys Of Kingdom _Band Score_.pdf,Moody Blues
Neil Diamond - The Essential Neil Diamond,SheetMusic\Neil Diamond\Books\Neil Diamond - The Essential Neil Diamond.pdf,Neil Diamond
Neil Young - After The Goldrush _PVG Book_,SheetMusic\Neil Young\Books\Neil Young - After The Goldrush _PVG Book_.pdf,Neil Young
Neil Young - Decade _PVG Book_,SheetMusic\Neil Young\Books\Neil Young - Decade _PVG Book_.pdf,Neil Young
Neil Young - Decade,SheetMusic\Neil Young\Books\Neil Young - Decade.pdf,Neil Young
Neil Young - Greatest Hits _Guitar Tab_,SheetMusic\Neil Young\Books\Neil Young - Greatest Hits _Guitar Tab_.pdf,Neil Young
Neil Young - Harvest Moon _Guitar Tab_,SheetMusic\Neil Young\Books\Neil Young - Harvest Moon _Guitar Tab_.pdf,Neil Young
Neil Young - Harvest _Score_,SheetMusic\Neil Young\Books\Neil Young - Harvest _Score_.pdf,Neil Young
Neil Young - The Best Of Neil Young _PVG Book_,SheetMusic\Neil Young\Books\Neil Young - The Best Of Neil Young _PVG Book_.pdf,Neil Young
Night Ranger - Best Of 2 _Jap Score_,SheetMusic\Night Ranger\Books\Night Ranger - Best Of 2 _Jap Score_.pdf,Night Ranger
Night Ranger - Seven Wishes _Jap Score_,SheetMusic\Night Ranger\Books\Night Ranger - Seven Wishes _Jap Score_.pdf,Night Ranger
Paul McCartney - All The Best,SheetMusic\Paul McCartney\Books\Paul McCartney - All The Best.pdf,Paul McCartney
Paul Mccartney - Chaos And Creation In The Backyard _PVG Book_,SheetMusic\Paul McCartney\Books\Paul Mccartney - Chaos And Creation In The Backyard _PVG Book_.pdf,Paul McCartney
Paul McCartney - Flowers In The Dirt,SheetMusic\Paul McCartney\Books\Paul McCartney - Flowers In The Dirt.pdf,Paul McCartney
Paul McCartney - Press To Play,SheetMusic\Paul McCartney\Books\Paul McCartney - Press To Play.pdf,Paul McCartney
Paul McCartney - Ram,SheetMusic\Paul McCartney\Books\Paul McCartney - Ram.pdf,Paul McCartney
Paul Mccartney - Tripping The Live Fantastic _PVG Book_,SheetMusic\Paul McCartney\Books\Paul Mccartney - Tripping The Live Fantastic _PVG Book_.pdf,Paul McCartney
Paul Mccartney - Tug Of War _PVG Book_,SheetMusic\Paul McCartney\Books\Paul Mccartney - Tug Of War _PVG Book_.pdf,Paul McCartney
Paul Simon - Anthology,SheetMusic\Paul Simon\Books\Paul Simon - Anthology.pdf,Paul Simon
Peter Frampton - The Best Of _Guitar Tab_,SheetMusic\Peter Frampton\Books\Peter Frampton - The Best Of _Guitar Tab_.pdf,Peter Frampton
Pink - Funhouse _PVG_,SheetMusic\Pink\Books\Pink - Funhouse _PVG_.pdf,Pink
Pink - Im Not Dead _PVG Book_,SheetMusic\Pink\Books\Pink - Im Not Dead _PVG Book_.pdf,Pink
Pink - Missundaztood _PVG Book_,SheetMusic\Pink\Books\Pink - Missundaztood _PVG Book_.pdf,Pink
Pink Floyd - Anthology - p110-175,SheetMusic\Pink Floyd\Books\Pink Floyd - Anthology - p110-175.pdf,Pink Floyd
Pink Floyd - Anthology - p58-109,SheetMusic\Pink Floyd\Books\Pink Floyd - Anthology - p58-109.pdf,Pink Floyd
Pink Floyd - Anthology _book_,SheetMusic\Pink Floyd\Books\Pink Floyd - Anthology _book_.pdf,Pink Floyd
Pink Floyd - Anthology _PVG_,SheetMusic\Pink Floyd\Books\Pink Floyd - Anthology _PVG_.pdf,Pink Floyd
Pink Floyd - Dark Side Of The Moon _2_,SheetMusic\Pink Floyd\Books\Pink Floyd - Dark Side Of The Moon _2_.pdf,Pink Floyd
Pink Floyd - Dark Side Of The Moon _PVG_,SheetMusic\Pink Floyd\Books\Pink Floyd - Dark Side Of The Moon _PVG_.pdf,Pink Floyd
Pink Floyd - Dark Side Of The Moon,SheetMusic\Pink Floyd\Books\Pink Floyd - Dark Side Of The Moon.pdf,Pink Floyd
Pink Floyd - Pink Floyd Songbook,SheetMusic\Pink Floyd\Books\Pink Floyd - Pink Floyd Songbook.pdf,Pink Floyd
Pink Floyd - The Wall _PVG_,SheetMusic\Pink Floyd\Books\Pink Floyd - The Wall _PVG_.pdf,Pink Floyd
Pink Floyd - Wish You Were Here _PVG_,SheetMusic\Pink Floyd\Books\Pink Floyd - Wish You Were Here _PVG_.pdf,Pink Floyd
Pink Floyd - Wish You Were Here,SheetMusic\Pink Floyd\Books\Pink Floyd - Wish You Were Here.pdf,Pink Floyd
Police - The Great Songs Of The Police,SheetMusic\Police\Books\Police - The Great Songs Of The Police.pdf,Police
Pretenders - Best Of Pretenders,SheetMusic\Pretenders\Books\Pretenders - Best Of Pretenders.pdf,Pretenders
Prince - Purple Rain _Score_,SheetMusic\Prince\Books\Prince - Purple Rain _Score_.pdf,Prince
Queen - Deluxe Anthology _PVG_,SheetMusic\Queen\Books\Queen - Deluxe Anthology _PVG_.pdf,Queen
Queen - Greatest Hits 1 _Score_,SheetMusic\Queen\Books\Queen - Greatest Hits 1 _Score_.pdf,Queen
Queen - Greatest Hits II _PVG_,SheetMusic\Queen\Books\Queen - Greatest Hits II _PVG_.pdf,Queen
Queen - Greatest Hits,SheetMusic\Queen\Books\Queen - Greatest Hits.pdf,Queen
Queen - Hit Songs,SheetMusic\Queen\Books\Queen - Hit Songs.pdf,Queen
Randy Newman - Collection,SheetMusic\Randy Newman\Books\Randy Newman - Collection.pdf,Randy Newman
REO Speedwagon - Good Trouble,SheetMusic\REO Speedwagon\Books\REO Speedwagon - Good Trouble.pdf,REO Speedwagon
REO Speedwagon - Hi Infidelity,SheetMusic\REO Speedwagon\Books\REO Speedwagon - Hi Infidelity.pdf,REO Speedwagon
REO Speedwagon - Life As We Know It,SheetMusic\REO Speedwagon\Books\REO Speedwagon - Life As We Know It.pdf,REO Speedwagon
REO Speedwagon - The Hits,SheetMusic\REO Speedwagon\Books\REO Speedwagon - The Hits.pdf,REO Speedwagon
Robbie Robertson - Songbook _Guitar Tab_,SheetMusic\Robbie Robertson\Books\Robbie Robertson - Songbook _Guitar Tab_.pdf,Robbie Robertson
Rod Stewart - The Great American Songbook,SheetMusic\Rod Stewart\Books\Rod Stewart - The Great American Songbook.pdf,Rod Stewart
Rolling Stones - Best Of Rolling Stones 1963-1973 Piano Songbook,SheetMusic\Rolling Stones\Books\Rolling Stones - Best Of Rolling Stones 1963-1973 Piano Songbook.pdf,Rolling Stones
Rolling Stones - Let It Bleed _Guitar Tab_,SheetMusic\Rolling Stones\Books\Rolling Stones - Let It Bleed _Guitar Tab_.pdf,Rolling Stones
Rolling Stones - Sticky Fingers _Score_,SheetMusic\Rolling Stones\Books\Rolling Stones - Sticky Fingers _Score_.pdf,Rolling Stones
Roy Orbison - Greatest Hits,SheetMusic\Roy Orbison\Books\Roy Orbison - Greatest Hits.pdf,Roy Orbison
Santana - Off The Record,SheetMusic\Santana\Books\Santana - Off The Record.pdf,Santana
Scott Joplin - The Best Of,SheetMusic\Scott Joplin\Books\Scott Joplin - The Best Of.pdf,Scott Joplin
Shania Twain - Greatest Hits,SheetMusic\Shania Twain\Books\Shania Twain - Greatest Hits.pdf,Shania Twain
Shania Twain - Up _PVG Book_,SheetMusic\Shania Twain\Books\Shania Twain - Up _PVG Book_.pdf,Shania Twain
Sheryl Crow - Tuesday Night Music Club _PVG Book_,SheetMusic\Sheryl Crow\Books\Sheryl Crow - Tuesday Night Music Club _PVG Book_.pdf,Sheryl Crow
Sheryl Crow - Very Best,SheetMusic\Sheryl Crow\Books\Sheryl Crow - Very Best.pdf,Sheryl Crow
Spice Girls - Greatest Hits,SheetMusic\Spice Girls\Books\Spice Girls - Greatest Hits.pdf,Spice Girls
Steve Miller Band - 13 Biggest Hits,SheetMusic\Steve Miller Band\Books\Steve Miller Band - 13 Biggest Hits.pdf,Steve Miller Band
Steve Miller Band - Rock Best Hits _Jap Score_,SheetMusic\Steve Miller Band\Books\Steve Miller Band - Rock Best Hits _Jap Score_.pdf,Steve Miller Band
Steve Winwood - Arc Of A Diver _PVG Book_,SheetMusic\Steve Winwood\Books\Steve Winwood - Arc Of A Diver _PVG Book_.pdf,Steve Winwood
Steve Winwood - The Great Songs Of,SheetMusic\Steve Winwood\Books\Steve Winwood - The Great Songs Of.pdf,Steve Winwood
Supertramp - Anthology,SheetMusic\Supertramp\Books\Supertramp - Anthology.pdf,Supertramp
Supertramp - Breakfast In America _PVG Book_,SheetMusic\Supertramp\Books\Supertramp - Breakfast In America _PVG Book_.pdf,Supertramp
Supertramp - Crime Of The Century _Book_,SheetMusic\Supertramp\Books\Supertramp - Crime Of The Century _Book_.pdf,Supertramp
Survivor - Greatest Hits,SheetMusic\Survivor\Books\Survivor - Greatest Hits.pdf,Survivor
Taylor Swift - Best Of _Easy Piano_,SheetMusic\Taylor Swift\Books\Taylor Swift - Best Of _Easy Piano_.pdf,Taylor Swift
Taylor Swift - Fearless _PVG Book_,SheetMusic\Taylor Swift\Books\Taylor Swift - Fearless _PVG Book_.pdf,Taylor Swift
Taylor Swift - Speak Now _PVG Book_,SheetMusic\Taylor Swift\Books\Taylor Swift - Speak Now _PVG Book_.pdf,Taylor Swift
Taylor Swift - Taylor Swift _Guitar Compilation_,SheetMusic\Taylor Swift\Books\Taylor Swift - Taylor Swift _Guitar Compilation_.pdf,Taylor Swift
Taylor Swift - Taylor Swift,SheetMusic\Taylor Swift\Books\Taylor Swift - Taylor Swift.pdf,Taylor Swift
Band - Northern Lights Southern Cross _PVG_,SheetMusic\The Band\Books\Band - Northern Lights Southern Cross _PVG_.pdf,The Band
Band - Stage Fright _PVG_,SheetMusic\The Band\Books\Band - Stage Fright _PVG_.pdf,The Band
The Band - Rock Of Ages _PVG Book_,SheetMusic\The Band\Books\The Band - Rock Of Ages _PVG Book_.pdf,The Band
The Band - The Band And Music From Big Pink,SheetMusic\The Band\Books\The Band - The Band And Music From Big Pink.pdf,The Band
Tom Waits - Anthology,SheetMusic\Tom Waits\Books\Tom Waits - Anthology.pdf,Tom Waits
Tom Waits - Tom Waits Anthology,SheetMusic\Tom Waits\Books\Tom Waits - Tom Waits Anthology.pdf,Tom Waits
Tori Amos - _Book_ Anthology,SheetMusic\Tori Amos\Books\Tori Amos - _Book_ Anthology.pdf,Tori Amos
Toto - Best of,SheetMusic\Toto\Books\Toto - Best of.pdf,Toto
Toto - Collection,SheetMusic\Toto\Books\Toto - Collection.pdf,Toto
Toto - Past To Present _Book_,SheetMusic\Toto\Books\Toto - Past To Present _Book_.pdf,Toto
Traveling Wilburys - Volume 1,SheetMusic\Traveling Wilburys\Books\Traveling Wilburys - Volume 1.pdf,Traveling Wilburys
Van Morrison - Anthology _2_,SheetMusic\Van Morrison\Books\Van Morrison - Anthology _2_.pdf,Van Morrison
Van Morrison - Anthology,SheetMusic\Van Morrison\Books\Van Morrison - Anthology.pdf,Van Morrison
Van Morrison - Back On Top _Book_,SheetMusic\Van Morrison\Books\Van Morrison - Back On Top _Book_.pdf,Van Morrison
Van Morrison - Days Like These _Book_,SheetMusic\Van Morrison\Books\Van Morrison - Days Like These _Book_.pdf,Van Morrison
Various Artists - 100 Songs For Kids - _Easy Guitar Songbook_,SheetMusic\Various Artists\Books\Various Artists - 100 Songs For Kids - _Easy Guitar Songbook_.pdf,Various Artists
Various Artists - 50 Platinum Country Hits,SheetMusic\Various Artists\Books\Various Artists - 50 Platinum Country Hits.pdf,Various Artists
Various Artists - 50s And 60s,SheetMusic\Various Artists\Books\Various Artists - 50s And 60s.pdf,Various Artists
Various Artists - 557 Standards _Sheet Music - Piano__2_,SheetMusic\Various Artists\Books\Various Artists - 557 Standards _Sheet Music - Piano__2_.pdf,Various Artists
Various Artists - 62 Stars 62 Hits _60s Compilation_,SheetMusic\Various Artists\Books\Various Artists - 62 Stars 62 Hits _60s Compilation_.pdf,Various Artists
Various Artists - 70s Collection - _57pp_,SheetMusic\Various Artists\Books\Various Artists - 70s Collection - _57pp_.pdf,Various Artists
Various Artists - 70s Hits _Easy Piano_,SheetMusic\Various Artists\Books\Various Artists - 70s Hits _Easy Piano_.pdf,Various Artists
Various Artists - Adult Contemporary Hits Of The Nineties,SheetMusic\Various Artists\Books\Various Artists - Adult Contemporary Hits Of The Nineties.pdf,Various Artists
Various Artists - All Time Best Collection Vol 3,SheetMusic\Various Artists\Books\Various Artists - All Time Best Collection Vol 3.pdf,Various Artists
Various Artists - Best In Country Sheet Music,SheetMusic\Various Artists\Books\Various Artists - Best In Country Sheet Music.pdf,Various Artists
Various Artists - Best Of 80s Rock _PVG_,SheetMusic\Various Artists\Books\Various Artists - Best Of 80s Rock _PVG_.pdf,Various Artists
Various Artists - Best Of The 70s And 80s _Solo Piano_,SheetMusic\Various Artists\Books\Various Artists - Best Of The 70s And 80s _Solo Piano_.pdf,Various Artists
Various Artists - Best Rock Songs 2000-2005,SheetMusic\Various Artists\Books\Various Artists - Best Rock Songs 2000-2005.pdf,Various Artists
Various Artists - Biggest Pop Hits 1996-1997,SheetMusic\Various Artists\Books\Various Artists - Biggest Pop Hits 1996-1997.pdf,Various Artists
Various Artists - Chart Hits 01-02,SheetMusic\Various Artists\Books\Various Artists - Chart Hits 01-02.pdf,Various Artists
Various Artists - Chart Hits 04-05,SheetMusic\Various Artists\Books\Various Artists - Chart Hits 04-05.pdf,Various Artists
Various Artists - Chart Hits 98-99,SheetMusic\Various Artists\Books\Various Artists - Chart Hits 98-99.pdf,Various Artists
Various Artists - Classic Rock - 73 songs,SheetMusic\Various Artists\Books\Various Artists - Classic Rock - 73 songs.pdf,Various Artists
Various Artists - Collection Of Country Music,SheetMusic\Various Artists\Books\Various Artists - Collection Of Country Music.pdf,Various Artists
Various Artists - Complete Piano Player Easy Blues _22 songs_,SheetMusic\Various Artists\Books\Various Artists - Complete Piano Player Easy Blues _22 songs_.pdf,Various Artists
Various Artists - Country Classics _PVG_,SheetMusic\Various Artists\Books\Various Artists - Country Classics _PVG_.pdf,Various Artists
Various Artists - Even More Songs Of The Eighties _PVG_,SheetMusic\Various Artists\Books\Various Artists - Even More Songs Of The Eighties _PVG_.pdf,Various Artists
Various Artists - Golden Era Of Rock And Roll _grab it_,SheetMusic\Various Artists\Books\Various Artists - Golden Era Of Rock And Roll _grab it_.pdf,Various Artists
Various Artists - Great Bands Of The 60s _PVG Book_,SheetMusic\Various Artists\Books\Various Artists - Great Bands Of The 60s _PVG Book_.pdf,Various Artists
Various Artists - Great Bands Of The 70s _PVG Book_,SheetMusic\Various Artists\Books\Various Artists - Great Bands Of The 70s _PVG Book_.pdf,Various Artists
Various Artists - Great Big Book Of Childrens Songs,SheetMusic\Various Artists\Books\Various Artists - Great Big Book Of Childrens Songs.pdf,Various Artists
Various Artists - Great Country Collection,SheetMusic\Various Artists\Books\Various Artists - Great Country Collection.pdf,Various Artists
Various Artists - Great Songs Of The 70s _Guitar Tab_,SheetMusic\Various Artists\Books\Various Artists - Great Songs Of The 70s _Guitar Tab_.pdf,Various Artists
Various Artists - Greatest Hits Of 2004-2005,SheetMusic\Various Artists\Books\Various Artists - Greatest Hits Of 2004-2005.pdf,Various Artists
Various Artists - Greatest Love Songs Of 80s,SheetMusic\Various Artists\Books\Various Artists - Greatest Love Songs Of 80s.pdf,Various Artists
Various Artists - Greatest Love Songs Of The 60s,SheetMusic\Various Artists\Books\Various Artists - Greatest Love Songs Of The 60s.pdf,Various Artists
Various Artists - Greatest Love Songs Of The 70s,SheetMusic\Various Artists\Books\Various Artists - Greatest Love Songs Of The 70s.pdf,Various Artists
Various Artists - Greatest Love Songs Of The 80s,SheetMusic\Various Artists\Books\Various Artists - Greatest Love Songs Of The 80s.pdf,Various Artists
Various Artists - Heavy Metal Vol III,SheetMusic\Various Artists\Books\Various Artists - Heavy Metal Vol III.pdf,Various Artists
Various Artists - Heavy Rock Hits Of The 80s _PVG_,SheetMusic\Various Artists\Books\Various Artists - Heavy Rock Hits Of The 80s _PVG_.pdf,Various Artists
Various Artists - History Of Rock - Late 80s,SheetMusic\Various Artists\Books\Various Artists - History Of Rock - Late 80s.pdf,Various Artists
Various Artists - More Songs Of The Eighties _PVG_,SheetMusic\Various Artists\Books\Various Artists - More Songs Of The Eighties _PVG_.pdf,Various Artists
Various Artists - Music For The Millenium - The Seventies,SheetMusic\Various Artists\Books\Various Artists - Music For The Millenium - The Seventies.pdf,Various Artists
Various Artists - Music For The Millennium The Seventies,SheetMusic\Various Artists\Books\Various Artists - Music For The Millennium The Seventies.pdf,Various Artists
Various Artists - Oldies But Goodies,SheetMusic\Various Artists\Books\Various Artists - Oldies But Goodies.pdf,Various Artists
Various Artists - Popular Piano Solos,SheetMusic\Various Artists\Books\Various Artists - Popular Piano Solos.pdf,Various Artists
Various Artists - Songs Of The 60s _PVG_,SheetMusic\Various Artists\Books\Various Artists - Songs Of The 60s _PVG_.pdf,Various Artists
Various Artists - The 1980s,SheetMusic\Various Artists\Books\Various Artists - The 1980s.pdf,Various Artists
Various Artists - The 60s And 70s Rock Score,SheetMusic\Various Artists\Books\Various Artists - The 60s And 70s Rock Score.pdf,Various Artists
Various Artists - The Best Childrens Songs Ever _Easy Piano_,SheetMusic\Various Artists\Books\Various Artists - The Best Childrens Songs Ever _Easy Piano_.pdf,Various Artists
Various Artists - The Decade Series - The 1980s,SheetMusic\Various Artists\Books\Various Artists - The Decade Series - The 1980s.pdf,Various Artists
Various Artists - The Greatest Love Songs Of The 80s,SheetMusic\Various Artists\Books\Various Artists - The Greatest Love Songs Of The 80s.pdf,Various Artists
Various Artists - Ultimate 100 Pop Hits Of The 90s,SheetMusic\Various Artists\Books\Various Artists - Ultimate 100 Pop Hits Of The 90s.pdf,Various Artists
Various Artists - Ultimate 80s Songs,SheetMusic\Various Artists\Books\Various Artists - Ultimate 80s Songs.pdf,Various Artists
Various Artists - Ultimate Pop Sheet Music Collection 2000,SheetMusic\Various Artists\Books\Various Artists - Ultimate Pop Sheet Music Collection 2000.pdf,Various Artists
Vince Guaraldi - Peanuts Songbook,SheetMusic\Vince Guaraldi\Books\Vince Guaraldi - Peanuts Songbook.pdf,Vince Guaraldi
Vince Guaraldi - The Vince Guaraldi Collection,SheetMusic\Vince Guaraldi\Books\Vince Guaraldi - The Vince Guaraldi Collection.pdf,Vince Guaraldi
Whitney Houston - The Best Of,SheetMusic\Whitney Houston\Books\Whitney Houston - The Best Of.pdf,Whitney Houston
Who - Who Anthology,SheetMusic\Who\Books\Who - Who Anthology.pdf,Who
Yes - Complete Deluxe Edition,SheetMusic\Yes\Books\Yes - Complete Deluxe Edition.pdf,Yes
Lambert And Morrison - The Drowsy Chaperone _Version 1_,SheetMusic\_Broadway Shows\Books\Lambert And Morrison - The Drowsy Chaperone _Version 1_.pdf,_Broadway Shows
Lambert And Morrison - The Drowsy Chaperone _Version 2_,SheetMusic\_Broadway Shows\Books\Lambert And Morrison - The Drowsy Chaperone _Version 2_.pdf,_Broadway Shows
Various Artists - 25th Annual Putnam County Spelling Bee,SheetMusic\_Broadway Shows\Books\Various Artists - 25th Annual Putnam County Spelling Bee.pdf,_Broadway Shows
Various Artists - Beauty And The Beast _1994 MTI PC Score complete_,SheetMusic\_Broadway Shows\Books\Various Artists - Beauty And The Beast _1994 MTI PC Score complete_.pdf,_Broadway Shows
Various Artists - Beauty And The Beast _Score_,SheetMusic\_Broadway Shows\Books\Various Artists - Beauty And The Beast _Score_.pdf,_Broadway Shows
Various Artists - Cabaret _1998 version_,SheetMusic\_Broadway Shows\Books\Various Artists - Cabaret _1998 version_.pdf,_Broadway Shows
Various Artists - Cabaret _Original_,SheetMusic\_Broadway Shows\Books\Various Artists - Cabaret _Original_.pdf,_Broadway Shows
Various Artists - Dear Evan Hansen _PVG_,SheetMusic\_Broadway Shows\Books\Various Artists - Dear Evan Hansen _PVG_.pdf,_Broadway Shows
Various Artists - Dirty Rotten Scoundrels _Piano-Vocal_,SheetMusic\_Broadway Shows\Books\Various Artists - Dirty Rotten Scoundrels _Piano-Vocal_.pdf,_Broadway Shows
Various Artists - Evita _Conductor Score_,SheetMusic\_Broadway Shows\Books\Various Artists - Evita _Conductor Score_.pdf,_Broadway Shows
Various Artists - Evita _Score_,SheetMusic\_Broadway Shows\Books\Various Artists - Evita _Score_.pdf,_Broadway Shows
Various Artists - Footloose _Score_,SheetMusic\_Broadway Shows\Books\Various Artists - Footloose _Score_.pdf,_Broadway Shows
Various Artists - High School Musical 1 _Libretto_,SheetMusic\_Broadway Shows\Books\Various Artists - High School Musical 1 _Libretto_.pdf,_Broadway Shows
Various Artists - Legally Blonde - score,SheetMusic\_Broadway Shows\Books\Various Artists - Legally Blonde - score.pdf,_Broadway Shows
Various Artists - Les Miserables - Piano-Conductor,SheetMusic\_Broadway Shows\Books\Various Artists - Les Miserables - Piano-Conductor.pdf,_Broadway Shows
Various Artists - Lion King _Score_,SheetMusic\_Broadway Shows\Books\Various Artists - Lion King _Score_.pdf,_Broadway Shows
Various Artists - Little Mermaid Workshop score,SheetMusic\_Broadway Shows\Books\Various Artists - Little Mermaid Workshop score.PDF,_Broadway Shows
Various Artists - Little Shop Of Horrors Script,SheetMusic\_Broadway Shows\Books\Various Artists - Little Shop Of Horrors Script.pdf,_Broadway Shows
Various Artists - Little Shop Of Horrors _Broadway_,SheetMusic\_Broadway Shows\Books\Various Artists - Little Shop Of Horrors _Broadway_.pdf,_Broadway Shows
Various Artists - Phantom Of Opera _SATB_,SheetMusic\_Broadway Shows\Books\Various Artists - Phantom Of Opera _SATB_.pdf,_Broadway Shows
Various Artists - Phantom Of The Opera _Score_,SheetMusic\_Broadway Shows\Books\Various Artists - Phantom Of The Opera _Score_.pdf,_Broadway Shows
Various Artists - Rent _Score_,SheetMusic\_Broadway Shows\Books\Various Artists - Rent _Score_.pdf,_Broadway Shows
Various Artists - Seussical - TYA,SheetMusic\_Broadway Shows\Books\Various Artists - Seussical - TYA.pdf,_Broadway Shows
Various Artists - Seussical _Piano-Conductor_,SheetMusic\_Broadway Shows\Books\Various Artists - Seussical _Piano-Conductor_.pdf,_Broadway Shows
Various Artists - Seussical _PV Score_,SheetMusic\_Broadway Shows\Books\Various Artists - Seussical _PV Score_.pdf,_Broadway Shows
Various Artists - Shrek The Musical,SheetMusic\_Broadway Shows\Books\Various Artists - Shrek The Musical.pdf,_Broadway Shows
Various Artists - Sound Of Music _Vocal Selections_,SheetMusic\_Broadway Shows\Books\Various Artists - Sound Of Music _Vocal Selections_.pdf,_Broadway Shows
Various Artists - The Ultimate BROADWAY fakebook,SheetMusic\_Broadway Shows\Books\Various Artists - The Ultimate BROADWAY fakebook.pdf,_Broadway Shows
Various Artists - Wicked _PVG_,SheetMusic\_Broadway Shows\Books\Various Artists - Wicked _PVG_.pdf,_Broadway Shows
Various Artists - Wicked _Score_,SheetMusic\_Broadway Shows\Books\Various Artists - Wicked _Score_.pdf,_Broadway Shows
Various Artists - Wizard Of Oz _RSC Piano-Conductor_,SheetMusic\_Broadway Shows\Books\Various Artists - Wizard Of Oz _RSC Piano-Conductor_.pdf,_Broadway Shows
Various Artists - Youre A Good Man Charlie Brown _Score_,SheetMusic\_Broadway Shows\Books\Various Artists - Youre A Good Man Charlie Brown _Score_.pdf,_Broadway Shows
Wicked Workshop,SheetMusic\_Broadway Shows\Books\Wicked Workshop.pdf,_Broadway Shows
Steven Sondheim - All Sondheim Volume 2 BOOK,SheetMusic\_Broadway Shows\Steven Sondheim\Books\Steven Sondheim - All Sondheim Volume 2 BOOK.pdf,_Broadway Shows
Beauty And The Beast _PVG_,SheetMusic\_Movie and TV\Disney\Books\Beauty And The Beast _PVG_.pdf,_Movie and TV
Brother Bear _Disney_,SheetMusic\_Movie and TV\Disney\Books\Brother Bear _Disney_.pdf,_Movie and TV
Disney Collection _Songs Out Of order_,SheetMusic\_Movie and TV\Disney\Books\Disney Collection _Songs Out Of order_.pdf,_Movie and TV
Pirates Of The Caribbean _Book 1 - The Curse Of The Black Pearl_,SheetMusic\_Movie and TV\Disney\Books\Pirates Of The Caribbean _Book 1 - The Curse Of The Black Pearl_.pdf,_Movie and TV
Pirates Of The Caribbean _Book 2 - Dead Mans Chest_,SheetMusic\_Movie and TV\Disney\Books\Pirates Of The Caribbean _Book 2 - Dead Mans Chest_.pdf,_Movie and TV
Spirited Away _Disney_ _2001_,SheetMusic\_Movie and TV\Disney\Books\Spirited Away _Disney_ _2001_.pdf,_Movie and TV
John Williams - Star Wars Episode III - Revenge Of The Sith_Incomplete Grab_,SheetMusic\_Movie and TV\John Williams\Books\John Williams - Star Wars Episode III - Revenge Of The Sith_Incomplete Grab_.pdf,_Movie and TV
Star Wars Suite _John Williams - Full Score - Hal Leonard_,SheetMusic\_Movie and TV\John Williams\Books\Star Wars Suite _John Williams - Full Score - Hal Leonard_.pdf,_Movie and TV
The Wizard Of Oz Script,SheetMusic\_Movie and TV\Others\Books\The Wizard Of Oz Script.pdf,_Movie and TV
Various Artists - Book Of Great TV Hits,SheetMusic\_Movie and TV\Others\Books\Various Artists - Book Of Great TV Hits.pdf,_Movie and TV
Various Artists - Complete TV And Film,SheetMusic\_Movie and TV\Others\Books\Various Artists - Complete TV And Film.pdf,_Movie and TV
Various Artists - Frozen - Let It Go _Movie Version_,SheetMusic\_Movie and TV\Others\Books\Various Artists - Frozen - Let It Go _Movie Version_.pdf,_Movie and TV
Various Artists - Movie Love Songs _Book_,SheetMusic\_Movie and TV\Others\Books\Various Artists - Movie Love Songs _Book_.pdf,_Movie and TV
Various Artists - Star Trek - Complete Theme Music _Piano Solo_,SheetMusic\_Movie and TV\Others\Books\Various Artists - Star Trek - Complete Theme Music _Piano Solo_.pdf,_Movie and TV
Various Artists - Star Trek _Piano Solo_,SheetMusic\_Movie and TV\Others\Books\Various Artists - Star Trek _Piano Solo_.pdf,_Movie and TV
Various Artists - The TV Fakebook,SheetMusic\_Movie and TV\Others\Books\Various Artists - The TV Fakebook.pdf,_Movie and TV
Various Artists - TV Detective - Themes For Solo Piano,SheetMusic\_Movie and TV\Others\Books\Various Artists - TV Detective - Themes For Solo Piano.pdf,_Movie and TV
Various Artists - TV Fakebook 2nd Ed,SheetMusic\_Movie and TV\Others\Books\Various Artists - TV Fakebook 2nd Ed.pdf,_Movie and TV
Various Artists - Ultimate TV Showstoppers,SheetMusic\_Movie and TV\Others\Books\Various Artists - Ultimate TV Showstoppers.pdf,_Movie and TV
Various Artists - Wizard Of Oz _Book_,SheetMusic\_Movie and TV\Others\Books\Various Artists - Wizard Of Oz _Book_.pdf,_Movie and TV
