PDF_Name,PDF_Path,Artist,Book_Name
Various Artists - 25th Annual Putnam County Spelling Bee,c:\Work\AWSMusic\SheetMusic\_Broadway Shows\Books\Various Artists - 25th Annual Putnam County Spelling Bee.pdf,_Broadway Shows,Various Artists - 25th Annual Putnam County Spelling Bee
Various Artists - High School Musical _score_,c:\Work\AWSMusic\SheetMusic\_Broadway Shows\Books\Various Artists - High School Musical _score_.pdf,_Broadway Shows,Various Artists - High School Musical _score_
Various Artists - Little Shop Of Horrors _Broadway_,c:\Work\AWSMusic\SheetMusic\_Broadway Shows\Books\Various Artists - Little Shop Of Horrors _Broadway_.pdf,_Broadway Shows,Various Artists - Little Shop Of Horrors _Broadway_
Various Artists - Little Shop Of Horrors Script,c:\Work\AWSMusic\SheetMusic\_Broadway Shows\Books\Various Artists - Little Shop Of Horrors Script.pdf,_Broadway Shows,Various Artists - Little Shop Of Horrors Script
Various Artists - Shrek The Musical,c:\Work\AWSMusic\SheetMusic\_Broadway Shows\Books\Various Artists - Shrek The Musical.pdf,_Broadway Shows,Various Artists - Shrek The Musical
Various Artists - Youre A Good Man Charlie Brown _Score_,c:\Work\AWSMusic\SheetMusic\_Broadway Shows\Books\Various Artists - Youre A Good Man Charlie Brown _Score_.pdf,_Broadway Shows,Various Artists - Youre A Good Man Charlie Brown _Score_
Wicked Workshop,c:\Work\AWSMusic\SheetMusic\_Broadway Shows\Books\Wicked Workshop.pdf,_Broadway Shows,Wicked Workshop
The Wizard Of Oz Script,c:\Work\AWSMusic\SheetMusic\_Movie and TV\Others\Books\The Wizard Of Oz Script.pdf,_Movie and TV,The Wizard Of Oz Script
Various Artists - Complete TV And Film,c:\Work\AWSMusic\SheetMusic\_Movie and TV\Others\Books\Various Artists - Complete TV And Film.pdf,_Movie and TV,Various Artists - Complete TV And Film
Crosby Stills Nash And Young - The Guitar Collection,c:\Work\AWSMusic\SheetMusic\Crosby Stills and Nash\Books\Crosby Stills Nash And Young - The Guitar Collection.pdf,Crosby Stills and Nash,Crosby Stills Nash And Young - The Guitar Collection
Dire Straits - Mark Knopfler Guitar Styles Vol 1 _Guitar Book_,c:\Work\AWSMusic\SheetMusic\Dire Straits\Books\Dire Straits - Mark Knopfler Guitar Styles Vol 1 _Guitar Book_.pdf,Dire Straits,Dire Straits - Mark Knopfler Guitar Styles Vol 1 _Guitar Book_
Elvis Presley - The Compleat _PVG Book_,c:\Work\AWSMusic\SheetMusic\Elvis Presley\Books\Elvis Presley - The Compleat _PVG Book_.pdf,Elvis Presley,Elvis Presley - The Compleat _PVG Book_
Eric Clapton - The Cream Of Clapton,c:\Work\AWSMusic\SheetMusic\Eric Clapton\Books\Eric Clapton - The Cream Of Clapton.pdf,Eric Clapton,Eric Clapton - The Cream Of Clapton
John Denver - Back Home Again,c:\Work\AWSMusic\SheetMusic\John Denver\Books\John Denver - Back Home Again.pdf,John Denver,John Denver - Back Home Again
Mamas And The Papas - Songbook _PVG_,c:\Work\AWSMusic\SheetMusic\Mamas and the Papas\Books\Mamas And The Papas - Songbook _PVG_.pdf,Mamas and the Papas,Mamas And The Papas - Songbook _PVG_
Night Ranger - Seven Wishes _Jap Score_,c:\Work\AWSMusic\SheetMusic\Night Ranger\Books\Night Ranger - Seven Wishes _Jap Score_.pdf,Night Ranger,Night Ranger - Seven Wishes _Jap Score_
Robbie Robertson - Songbook _Guitar Tab_,c:\Work\AWSMusic\SheetMusic\Robbie Robertson\Books\Robbie Robertson - Songbook _Guitar Tab_.pdf,Robbie Robertson,Robbie Robertson - Songbook _Guitar Tab_
Steely Dan - The Best,c:\Work\AWSMusic\SheetMusic\Steely Dan\Books\Steely Dan - The Best.pdf,Steely Dan,Steely Dan - The Best
Tom Waits - Tom Waits Anthology,c:\Work\AWSMusic\SheetMusic\Tom Waits\Books\Tom Waits - Tom Waits Anthology.pdf,Tom Waits,Tom Waits - Tom Waits Anthology
Various Artists - Ultimate 80s Songs,c:\Work\AWSMusic\SheetMusic\Various Artists\Books\Various Artists - Ultimate 80s Songs.pdf,Various Artists,Various Artists - Ultimate 80s Songs
